School ID,School Name,Official Short Name,Official Full Name,Last Known Street Address,Last Known Comm Area,Latitude,Longitude,School Type,Access Type,% Asian 2012-2013,% Black 2012-2013,% Hispanic 2012-2013,% Multi-Racial 2012-2013,% Native American 2012-2013,% Not Available 2012-2013,% Hawaiian Pacific Islander 2012-2013,% White 2012-2013,2012-13 Bilinugual %,2011-2012 Bilingual %,2010-2011 Bilingual %,2009-2010 Bilingual %,2012-13  SPED %,2011-2012 SPED %,2010-2011 SPED %,2009-2010 SPED %,2012-13  Low Income  %,2011-2012 Low Income %,2010-2011 Low Income%,2009-2010 Low Income %,1999-2000 Enrollment,2000 -2001 Enrollment,2001 -2002 Enrollment,2002 -2003 Enrollment,2003-2004  Enrollment,2004-2005  Enrollment,2005-2006  Enrollment,2006-2007 Enrollment,2007-2008 Enrollment,2008-2009 Enrollment,2009-2010 Enrollment,2010-2011 Enrollment,2011-2012 Enrollment,2012-2013 Enrollment,Ideal Capacity (CPS Formula),2012-13 Utilization rate (CPS Formula),Space Use Status (CPS Formula),2011-12 Performance Level,2012-2013 Probation Status,2011-2012 Probation Status,2010-2011 Probation Status,2009-2010 Probation Status,2008-2009 Probation Status,2007-2008 Probation Status,2006-2007 Probation Status,2005-2006 Probation Status,2004-2005 Probation Status,2003-2004 Probation Status,2002-2003 Probation Status,2001-2002 Probation Status,2000-2001 Probation Status,1999-2000 Probation Status,1998-1999 Probation Status,1997-1998 Probation Status,1996-1997 Probation Status,2000 Mobility Rate,2001 Mobility Rate,2002 Mobility Rate,2003 Mobility Rate,2004 Mobility Rate,2005 Mobility Rate,2006 Mobility Rate,2007 Mobility Rate,2008 Mobility Rate,2009 Mobility Rate,2010 Mobility Rate,2011 Mobility Rate,2012 Mobility Rate,"Link to cohort chart (green = positive trends, yellow = mixed trends)","ISAT Scores by Cohort: % Meets/Exceeds, Reading, 3rd Grade, 2007 ","ISAT Scores by Cohort: % Meets/Exceeds, Reading, 4th Grade, 2008 ","ISAT Scores by Cohort: % Meets/Exceeds, Reading, 5th Grade, 2009 ","ISAT Scores by Cohort: % Meets/Exceeds, Reading, 6th Grade, 2010 ","ISAT Scores by Cohort: % Meets/Exceeds, Reading, 7th Grade, 2011 ","ISAT Scores by Cohort: % Meets/Exceeds, Reading, 8th Grade, 2012 ","ISAT Scores by Cohort: % Warning, Reading, 3rd Grade, 2007 ","ISAT Scores by Cohort: % Warning, Reading, 4th Grade, 2008 ","ISAT Scores by Cohort: % Warning, Reading, 5th Grade, 2009 ","ISAT Scores by Cohort: % Warning, Reading, 6th Grade, 2010 ","ISAT Scores by Cohort: % Warning, Reading, 7th Grade, 2011 ","ISAT Scores by Cohort: % Warning, Reading, 8th Grade, 2012 ","ISAT Scores by Cohort: % Meets/Exceeds, Math, 3rd Grade, 2007 ","ISAT Scores by Cohort: % Meets/Exceeds, Math, 4th Grade, 2008 ","ISAT Scores by Cohort: % Meets/Exceeds, Math, 5th Grade, 2009","ISAT Scores by Cohort: % Meets/Exceeds, Math, 6th Grade, 2010 ","ISAT Scores by Cohort: % Meets/Exceeds, Math, 7th Grade, 2011","ISAT Scores by Cohort: % Meets/Exceeds, Math, 8th Grade, 2012 ","ISAT Scores by Cohort: % Warning, Math, 3rd Grade, 2007 ","ISAT Scores by Cohort: % Warning, Math, 4th Grade, 2008 ","ISAT Scores by Cohort: % Warning, Math, 5th Grade, 2009","ISAT Scores by Cohort: % Warning, Math, 6th Grade, 2010","ISAT Scores by Cohort: % Warning, Math, 7th Grade, 2011","ISAT Scores by Cohort: % Warning, Math, 8th Grade, 2012 ","ISAT Scores by Cohort: % Meets/Exceeds, Science, 4th Grade, 2008 ","ISAT Scores by Cohort: % Meets/Exceeds, Science, 7th Grade, 2011 ","ISAT Scores by Cohort: % Warning, Science, 4th Grade, 2008","ISAT Scores by Cohort: % Warning, Science, 7th Grade, 2011 ",5Essentials: Ambitious Instruction 2011,5Essentials: Ambitious Instruction 2012,5Essentials: Effective Leaders 2011,5Essentials: Effective Leaders 2012,5Essentials: Collaborative Teachers 2011,5Essentials: Collaborative Teachers 2012,5Essentials: Involved Families 2011,5Essentials: Involved Families 2012,5Essentials: Supportive Environment 2011,5Essentials: Supportive Environment 2012
609848,Aldridge,,,630 E 131st St,RIVERDALE,41.65743243,-87.60649623,"District, non-alternative",Neighborhood Open Area,0,98.8,1.2,0,0,0,0,0,0.80%,0.00%,0.00%,0.00%,6.80%,9.19%,9.15%,9.90%,94.00%,94.35%,98.24%,99.00%,505,489,434,443,409,346,261,210,219,270,293,284,283,250,600,0.42,UNDERUTILIZED,Level 3,Yes,Yes,Yes,Yes,Yes,Yes,No,Yes,Yes,No,No,No,No,No,No,No,No,24.4,23.8,36.7,35.6,35.3,49.8,20,22,32.4,48.9,35.8,19.9,23.1,https://iirc.niu.edu/School.aspx?source=Trends&source2=Cohorts&schoolID=150162990252054&level=S,40,77,52,59,67,68,15,0,0,0,0,0,50,82,54,53,52,48,10,0,0,0,0,0,71,50,6,8,39,71,NDA,70,NDA,67,NDA,47,36,54
609775,Altgeld,,,1340 W 71st St,WEST ENGLEWOOD,41.76510322,-87.6582125,"District, non-alternative",Neighborhood Open Area,0,98.4,1.1,0.5,0,0,0,0,0.45%,0.38%,0.17%,0.00%,13.54%,12.52%,11.07%,12.54%,94.58%,95.07%,98.47%,97.88%,798,793,751,857,759,707,712,693,679,669,614,587,527,443,930,0.48,UNDERUTILIZED,Level 3,Yes,Yes,Yes,No,No,No,No,No,Yes,Yes,No,No,No,No,No,No,No,31.5,36.6,33.3,39.9,39.7,37,44.1,38.1,32.2,32.4,34.9,27.2,35.1,https://iirc.niu.edu/School.aspx?source=Trends&source2=Cohorts&schoolID=150162990252055&level=S,44,41,78,67,83,82,17,1,0,0,3,0,68,64,92,84,64,71,14,1,0,1,7,0,38,66,7,9,58,50,27,21,35,29,37,20,64,53
610156,"Armstrong, L.",,,5345 W Congress Pkwy,AUSTIN,41.87378243,-87.75920297,"District, non-alternative",Neighborhood Open Area,0,96.9,3.1,0,0,0,0,0,0.00%,0.00%,0.00%,0.00%,27.55%,23.16%,22.22%,14.30%,95.92%,100.00%,99.07%,99.20%,239,262,250,248,221,196,193,183,137,144,133,108,95,98,270,0.36,UNDERUTILIZED,Level 2,Yes,Yes,Yes,Yes,Yes,Yes,No,Yes,Yes,No,No,No,No,No,No,No,No,19.9,20.7,19.9,24,19.2,40.6,22.2,29.6,23.6,29.1,23.8,24.6,33.5,https://iirc.niu.edu/School.aspx?source=Trends&source2=Cohorts&schoolID=150162990252188&level=S,,,,,,,,,,,,,,,,,,,,,,,,,,,,,62,71,NDA,65,NDA ,74,NDA,72,49,87
610268,Ashe,,,8505 S Ingleside Ave,CHATHAM,41.74015307,-87.60113659,"District, non-alternative",Neighborhood Open Area,0,99.5,0.5,0,0,0,0,0,0.00%,0.00%,0.00%,0.00%,11.68%,9.65%,10.87%,9.80%,92.13%,93.64%,77.61%,94.40%,748,798,758,723,740,713,758,731,640,584,518,469,456,394,690,0.57,UNDERUTILIZED,Level 3,Yes,Yes,Yes,Yes,Yes,Yes,No,Yes,Yes,No,No,No,No,No,No,No,No,41,31.8,40.9,37.2,36.2,41.9,46.3,37.2,59.1,49.4,52.2,49.6,55.5,https://iirc.niu.edu/School.aspx?source=Trends&source2=Cohorts&schoolID=150162990252437&level=S,33,55,39,63,66,93,21,10,1,3,4,0,49,57,54,70,79,76,27,6,4,0,5,0,46,49,18,18,NDA,84,NDA,NDA,NDA,NDA,NDA,NDA,NDA,65
609781,Attucks,,,5055 S State St,GRAND BOULEVARD,41.80214349,-87.6257474,"District, non-alternative",Neighborhood Open Area,0,99.3,0.4,0,0,0.4,0,0,0.73%,0.00%,0.00%,0.00%,14.18%,13.04%,12.69%,11.70%,99.27%,98.19%,100.00%,99.30%,441,406,287,227,227,453,409,373,341,325,282,268,276,275,570,0.48,UNDERUTILIZED,Level 3,Yes,Yes,Yes,Yes,Yes,Yes,Yes,Yes,No,No,Yes,Yes,Yes,Yes,Yes,Yes,Yes,17.2,21.9,42,18.3,21.1,15.4,14,24.8,29,14.1,26,14.4,28.5,https://iirc.niu.edu/School.aspx?source=Trends&source2=Cohorts&schoolID=150162990252061&level=S,30,50,19,35,38,55,12,7,0,0,0,0,55,60,47,41,38,38,27,3,0,3,10,3,63,31,13,14,57,41,81,63,85,52,76,64,64,38
610265,Banneker,,,6656 S Normal Blvd,ENGLEWOOD,41.77275433,-87.63729464,"District, non-alternative",Neighborhood Open Area,0,98.5,1.2,0.3,0,0,0,0,0.00%,0.00%,0.00%,0.00%,15.43%,12.25%,15.43%,13.50%,89.32%,99.01%,95.06%,96.10%,537,534,563,533,541,617,472,432,394,378,356,324,302,337,690,0.49,UNDERUTILIZED,Level 3,Yes,Yes,Yes,Yes,Yes,Yes,No,Yes,Yes,No,No,No,No,No,No,No,No,38.7,42.1,43.2,32.5,51.7,33.9,50.2,45.1,50.8,42.7,57.3,45.1,43.8,https://iirc.niu.edu/School.aspx?source=Trends&source2=Cohorts&schoolID=150162990252065&level=S,33,33,44,66,68,75,22,8,3,0,0,0,50,47,49,56,61,72,22,3,6,0,11,7,36,50,19,18,58,70,NDA,NDA,NDA,NDA,NDA,NDA,35,66
609797,Beidler,,,3151 W Walnut St,EAST GARFIELD PARK,41.88529401,-87.70581859,"District, non-alternative",Neighborhood Open Area,0,97,2.8,0,0.2,0,0,0,0.23%,0.49%,0.00%,0.00%,11.29%,12.07%,12.25%,12.00%,88.25%,95.07%,99.02%,99.80%,452,424,503,575,582,547,555,482,481,456,491,408,406,434,750,0.58,UNDERUTILIZED,Level 3,Yes,No,Yes,Yes,Yes,Yes,No,Yes,Yes,No,No,No,No,No,Yes,No,Yes,39.3,30.9,27.9,26.5,22.9,29.7,33.3,29.3,23.6,30.2,25.3,15.7,18.9,https://iirc.niu.edu/School.aspx?source=Trends&source2=Cohorts&schoolID=150162990252080&level=S,19,30,33,39,53,56,30,6,4,6,0,0,43,51,46,53,73,56,22,4,0,2,0,0,49,76,8,7,58,62,NDA,39,NDA,44,NDA,48,70,72
610365,Bethune AUSL,,,3030 W Arthington St,EAST GARFIELD PARK,41.87019518,-87.70216173,Contract (Turnaround),Neighborhood Open Area,0,98.9,0,0.8,0.3,0,0,0,0.00%,0.00%,0.00%,0.00%,13.79%,14.88%,10.54%,9.30%,96.02%,92.01%,97.15%,95.20%,,,,,,,,,,,377,351,363,377,780,0.48,UNDERUTILIZED,Level 3,Yes,Yes,Yes,Yes,Yes,Yes,Yes,Yes,Yes,Yes,Yes,Yes,No,Yes,Yes,Yes,Yes,61.5,51.5,64.5,68.6,60.6,41.7,26.9,31.4,38.1,38.9,36.6,33.3,32.3,https://iirc.niu.edu/School.aspx?source=Trends&source2=Cohorts&schoolID=150162990252084&level=S,13,25,23,37,38,66,37,19,7,6,0,3,21,27,45,51,71,83,42,6,3,3,9,0,27,39,24,30,39,50,31,33,46,44,40,47,53,60
610161,Bontemps,,,1241 W 58th St,WEST ENGLEWOOD,41.78857298,-87.65634499,"District, non-alternative",Neighborhood Open Area,0,99.7,0.3,0,0,0,0,0,0.00%,0.00%,0.00%,0.28%,7.32%,6.38%,8.10%,6.96%,99.36%,98.26%,99.44%,98.33%,654,636,639,654,660,624,519,447,431,393,359,358,345,314,690,0.46,UNDERUTILIZED,Level 3,Yes,Yes,Yes,Yes,Yes,Yes,Yes,Yes,Yes,No,No,No,No,No,No,No,No,30.3,34.5,42.7,36.4,33.7,36.2,34.7,40,43.1,25.7,38.2,28.9,31.6,https://iirc.niu.edu/School.aspx?source=Trends&source2=Cohorts&schoolID=150162990252771&level=S,58,41,47,62,63,79,14,0,0,0,0,0,58,44,48,68,63,66,14,3,0,0,0,0,31,70,22,17,59,34,NDA,38,NDA,29,NDA,37,48,28
610242,Brennemann,,,4251 N Clarendon Ave,UPTOWN,41.95997841,-87.64971223,"District, non-alternative",Neighborhood Open Area,1.9,72.2,16.3,2.8,0.9,1.6,0.6,3.8,30.31%,29.17%,22.82%,25.90%,15.63%,15.00%,14.65%,16.87%,95.63%,88.89%,91.55%,89.76%,510,488,462,420,329,343,307,326,294,330,332,355,360,320,630,0.51,UNDERUTILIZED,Level 2,No,No,No,Yes,Yes,No,No,No,No,No,No,No,No,No,No,No,No,39.9,38.1,40.2,54.1,45.9,204,60.7,26.5,36.7,26.4,20.8,23.2,29.9,https://iirc.niu.edu/School.aspx?source=Trends&source2=Cohorts&schoolID=150162990252093&level=S,54,25,68,59,72,84,13,6,0,0,0,0,76,49,83,80,91,84,0,3,0,0,0,0,18,81,24,6,59,53,41,26,54,26,56,36,55,69
609809,Brentano,,,2723 N Fairfield Ave,LOGAN SQUARE,41.93097047,-87.69625758,"District, non-alternative",Neighborhood Open Area,0.2,4.2,84.7,0.5,0.5,4.9,0,4.9,31.92%,24.06%,20.35%,15.70%,13.38%,10.60%,12.34%,11.70%,87.79%,88.30%,88.31%,88.50%,951,899,893,908,882,884,769,573,549,531,511,462,453,426,960,0.44,UNDERUTILIZED,Level 3,Yes,No,No,Yes,No,No,No,No,No,No,No,No,No,No,No,No,No,26.8,17.3,15.3,16.3,16.7,20.8,15.1,19.1,29.5,19.7,14.4,12.2,15.3,https://iirc.niu.edu/School.aspx?source=Trends&source2=Cohorts&schoolID=150162990252094&level=S,40,57,58,75,78,83,18,2,0,0,0,0,67,71,70,87,76,81,7,2,0,2,5,0,53,76,8,5,46,59,30,57,32,58,51,60,43,59
609812,"Brown, W.",,,54 N Hermitage Ave,NEAR WEST SIDE,41.88298698,-87.67071879,"District, non-alternative",Neighborhood Open Area,0,94.9,2.8,0,0.9,0.9,0.5,0,0.93%,1.40%,1.40%,0.90%,22.90%,21.03%,19.63%,20.70%,98.13%,99.07%,97.66%,98.60%,402,386,340,339,300,303,290,257,240,251,213,214,214,214,630,0.34,UNDERUTILIZED,Level 3,Yes,Yes,Yes,Yes,Yes,Yes,No,Yes,Yes,No,No,Yes,No,Yes,Yes,Yes,Yes,20.2,21,15.3,21.4,26,36,34.1,24.5,42.7,28,21.3,30.4,18.6,https://iirc.niu.edu/School.aspx?source=Trends&source2=Cohorts&schoolID=150162990252097&level=S,35,46,29,65,50,62,13,8,0,0,0,0,62,71,57,77,79,69,10,4,0,4,4,0,35,68,13,4,78,95,74,86,73,70,73,50,58,84
610280,Buckingham Sp Ed,,,9207 S Phillips Ave,CALUMET HEIGHTS,41.72782129,-87.56439326,"District, Special Ed.",Spec Ed/Alt,0,97.1,2.9,0,0,0,0,0,2.86%,0.00%,2.56%,0.00%,100.00%,100.00%,100.00%,100.00%,97.14%,92.31%,87.18%,97.10%,42,44,38,33,46,49,41,41,37,33,34,39,26,35,65,0.54,UNDERUTILIZED,Level 3,,,,,,No,No,No,No,No,No,No,No,No,No,No,No,81.4,39.4,43.7,88.7,,,,,,,,0,,Not available: https://iirc.niu.edu/School.aspx?schoolId=150162990253758,,,,,,,,,,,,,,,,,,,,,,,,,,,,,20,99,NDA,NDA,NDA,NDA,NDA,NDA,24,61
609819,Burke,,,5356 S King Dr,WASHINGTON PARK,41.79679285,-87.61617809,"District, non-alternative",Neighborhood Open Area,0,97.4,0.7,0,0,1.8,0,0,0.00%,0.00%,0.00%,0.00%,9.93%,10.79%,12.89%,10.89%,94.85%,94.19%,97.66%,97.58%,396,466,362,341,293,275,252,226,228,241,248,256,241,272,720,0.38,UNDERUTILIZED,Level 3,Yes,Yes,Yes,Yes,Yes,Yes,No,Yes,Yes,Yes,Yes,Yes,Yes,No,Yes,Yes,Yes,41.8,37.2,48.1,38.3,60,56.1,48.8,39.8,74.1,53.4,50.5,41.5,49.5,https://iirc.niu.edu/School.aspx?source=Trends&source2=Cohorts&schoolID=150162990252103&level=S,43,30,33,48,47,67,13,11,0,5,3,0,63,44,49,50,59,76,10,11,0,0,6,6,26,50,26,22,22,5,NDA,NDA,NDA,NDA,NDA,NDA,13,23
610243,Calhoun North,,,2833 W Adams St,EAST GARFIELD PARK,41.87822115,-87.69755292,"District, non-alternative",Neighborhood Open Area,0,99.4,0.3,0.3,0,0,0,0,0.00%,0.00%,0.00%,0.00%,14.33%,14.33%,15.84%,14.60%,99.36%,96.95%,98.35%,96.60%,573,575,559,616,508,517,525,509,456,424,383,303,328,314,690,0.46,UNDERUTILIZED,Level 2,No,No,Yes,No,No,No,No,No,No,No,Yes,No,No,No,Yes,Yes,Yes,27,36.9,24.1,37.1,35.3,31.4,43.7,39.7,40.2,27,38.1,32.4,42.9,https://iirc.niu.edu/School.aspx?source=Trends&source2=Cohorts&schoolID=150162990252114&level=S,53,52,72,67,87,88,15,8,0,0,0,0,70,80,72,84,100,91,9,0,0,0,0,0,62,93,14,0,54,NDA,79,53,88,63,40,38,44,NDA
610018,Canter Middle,,,4959 S Blackstone Ave,KENWOOD,41.80434474,-87.59039494,"District, non-alternative",Neighborhood Open Area,1.3,92.1,3.9,0.9,0.4,0,0,1.3,0.44%,0.90%,0.96%,0.00%,14.91%,11.31%,13.94%,19.90%,87.72%,89.59%,86.06%,86.40%,,306,209,331,369,333,282,258,261,237,221,208,221,228,390,0.58,UNDERUTILIZED,Level 3,Yes,Yes,No,No,No,No,No,No,No,No,No,No,No,No,No,No,No,10.4,10.5,8,11.6,15.8,11.4,12.8,9.8,11.6,13.4,10.4,11.6,10.7,https://iirc.niu.edu/School.aspx?source=Trends&source2=Cohorts&schoolID=150162990252845&level=S,,,,,78,79,,,,,0,0,,,,,74,78,,,,,0,2,,74,,10,37,NDA,61,62,62,64,54,60,31,NDA
609844,Carter,,,5740 S Michigan Ave,WASHINGTON PARK,41.78984129,-87.62248974,"District, non-alternative",Neighborhood Open Area,0,97.7,2.3,0,0,0,0,0,0.00%,0.00%,0.00%,0.00%,10.40%,8.11%,8.42%,9.31%,98.84%,99.19%,99.26%,96.42%,725,759,737,616,597,645,522,423,456,441,419,404,370,346,720,0.48,UNDERUTILIZED,Level 3,Yes,Yes,Yes,Yes,Yes,Yes,No,Yes,No,No,No,Yes,Yes,No,Yes,Yes,Yes,40.8,36.8,44.3,42,45.7,49.2,47.1,41.4,61.4,50.6,45.6,46.6,43.7,https://iirc.niu.edu/School.aspx?source=Trends&source2=Cohorts&schoolID=150162990252123&level=S,41,49,41,49,51,70,19,2,2,0,0,0,59,55,44,59,47,67,14,13,0,0,16,0,34,50,11,21,35,56,56,NDA,62,NDA,47,NDA,33,29
609845,Carver Primary,,,901 E 133rd Pl,RIVERDALE,41.65367428,-87.59952683,"District, non-alternative",Neighborhood Open Area,0,98.5,0.9,0.2,0,0.2,0,0.2,0.38%,0.00%,0.23%,0.20%,10.63%,9.59%,12.41%,12.00%,97.34%,99.63%,99.30%,100.00%,812,611,532,448,429,400,310,329,265,483,442,427,542,527,1050,0.5,UNDERUTILIZED,Level 3,Yes,Yes,Yes,Yes,Yes,No,No,No,No,No,No,No,No,No,No,Yes,No,21.3,15.1,18.9,23.6,30.8,25.8,16.8,29.3,30,29.5,39.2,31.1,26.6,https://iirc.niu.edu/School.aspx?source=Trends&source2=Cohorts&schoolID=150162990252372&level=S,71,67,69,59,57,67,8,2,4,0,0,0,80,85,72,58,51,71,9,0,0,1,14,0,60,63,3,10,30,24,NDA,50,NDA,57,NDA,39,33,29
609851,Chalmers,,,2745 W Roosevelt Rd,NORTH LAWNDALE,41.8664078,-87.69526079,"District, non-alternative",Neighborhood Open Area,0,99.2,0.8,0,0,0,0,0,0.00%,0.00%,0.00%,0.40%,10.16%,8.71%,8.43%,9.80%,81.32%,95.12%,98.85%,97.60%,433,429,413,420,362,381,306,290,262,259,255,261,287,364,690,0.53,UNDERUTILIZED,Level 3,Yes,Yes,Yes,Yes,Yes,Yes,No,Yes,Yes,No,Yes,Yes,No,Yes,Yes,Yes,Yes,19.2,27.7,29.2,36.5,23.2,35.7,39.3,31.8,34.6,31.5,31.3,39,42.6,https://iirc.niu.edu/School.aspx?source=Trends&source2=Cohorts&schoolID=150162990252128&level=S,50,63,28,33,47,82,19,0,0,0,0,0,38,63,11,40,35,68,23,13,0,7,6,0,44,35,13,35,45,68,88,80,78,77,76,69,39,63
610347,Claremont Academy,,,2300 W 64th St,CHICAGO LAWN,41.77753754,-87.68108634,"District, non-alternative",Neighborhood Open Area,0,94.7,4.5,0,0,0,0.6,0.2,2.37%,2.08%,1.30%,1.00%,16.96%,17.92%,17.04%,15.40%,94.87%,94.91%,99.07%,97.00%,,,,,,566,670,693,642,584,596,540,530,507,810,0.63,UNDERUTILIZED,Level 3,Yes,Yes,Yes,Yes,Yes,Yes,No,No,,,,,,,,,,,,,,,44.5,35.3,32.2,42.7,41.6,31.8,26.3,41.9,Not available: https://iirc.niu.edu/School.aspx?source=Trends&source2=Cohorts&schoolID=150162990252936&level=S,,,,,,,,,,,,,,,,,,,,,,,,,,,,,51,60,62,75,59,67,32,45,50,50
609864,Cook,,,8150 S Bishop St,AUBURN GRESHAM,41.74526284,-87.6598119,"District, non-alternative",Neighborhood Open Area,0,99.1,0.4,0.4,0,0,0,0,0.00%,0.00%,0.00%,0.00%,12.85%,11.69%,10.62%,11.30%,95.64%,100.00%,100.00%,99.80%,885,816,861,847,814,829,793,793,718,673,611,546,479,459,1020,0.45,UNDERUTILIZED,Level 2,No,Yes,Yes,Yes,Yes,Yes,No,Yes,Yes,No,No,No,No,No,No,Yes,No,33.4,37.3,33.4,38,37.9,33.8,29.7,30.8,40.7,26.9,31.7,30.6,46.5,https://iirc.niu.edu/School.aspx?source=Trends&source2=Cohorts&schoolID=150162990252139&level=S,43,39,35,61,63,83,13,5,2,0,0,0,75,58,41,50,84,83,5,0,2,6,5,0,34,88,9,2,NDA,47,NDA,47,NDA,57,NDA,32,NDA,50
609873,Crown Comm Acad,,,2128 S Saint Louis Ave,NORTH LAWNDALE,41.85266155,-87.7125068,"District, non-alternative",Neighborhood Open Area,0,95.3,4.7,0,0,0,0,0,0.36%,0.67%,0.30%,0.50%,14.34%,13.13%,10.98%,11.30%,81.72%,92.26%,97.03%,97.70%,559,528,538,447,464,453,362,396,415,352,390,337,297,279,720,0.39,UNDERUTILIZED,Level 3,Yes,Yes,Yes,Yes,Yes,Yes,Yes,Yes,Yes,No,No,No,No,No,No,No,No,19.1,20.2,26.8,28.4,30.8,37.7,36.1,34.1,36.9,33.5,35.5,33,42.5,https://iirc.niu.edu/School.aspx?source=Trends&source2=Cohorts&schoolID=150162990252147&level=S,37,52,63,65,68,73,29,12,3,0,3,7,53,69,70,58,65,43,24,5,0,0,13,3,48,45,21,26,52,67,45,49,31,44,36,47,51,50
610521,"Davis, M. Magnet Elementary Academy",,,6730 S Paulina St,WEST ENGLEWOOD,41.77122181,-87.66656657,"District, non-alternative",Lottery/App,0.3,95.9,2.7,0.3,0,0.7,0,0,0.34%,0.00%,0.00%,0.00%,10.31%,9.32%,9.50%,9.15%,93.47%,96.33%,95.70%,98.21%,,,,,,,,,,558,503,442,354,291,600,0.49,UNDERUTILIZED,Level 2,No,Yes,No,,,,,,,,,,,,,,,,,,,,,,,,12.3,10.4,7.2,13.6,Not Available: https://iirc.niu.edu/School.aspx?source=Trends&source2=Cohorts&schoolID=150162990252954&level=S,,,,,,,,,,,,,,,,,,,,,,,,,,,,,54,42,NDA,28,NDA,14,NDA,42,51,41
610367,De Priest,,,139 S Parkside Ave,AUSTIN,41.87799914,-87.7662615,"District, non-alternative",Neighborhood Open Area,0.4,94,4.2,0.7,0.2,0,0.2,0.4,1.09%,1.15%,0.18%,0.20%,19.13%,19.92%,16.23%,13.10%,91.26%,87.55%,97.88%,98.50%,605,601,555,491,459,613,706,763,750,667,604,567,522,549,900,0.61,UNDERUTILIZED,Level 2,No,Yes,Yes,Yes,Yes,Yes,Yes,Yes,Yes,Yes,No,No,No,No,No,No,No,29.8,29,30.5,32.5,26.2,35,27.1,29,28.8,22.7,25.1,19.2,26.7,https://iirc.niu.edu/School.aspx?source=Trends&source2=Cohorts&schoolID=150162990252605&level=S,27,54,54,61,77,71,26,0,2,0,0,2,38,48,46,49,66,62,30,5,0,2,0,2,30,60,14,6,53,70,51,68,39,66,33,57,47,65
609881,Delano,,,3937 W Wilcox St,WEST GARFIELD PARK,41.87877166,-87.72464875,"District, non-alternative",Neighborhood Open Area,0,98.7,1.3,0,0,0,0,0,0.00%,0.00%,0.00%,0.00%,5.06%,6.76%,7.28%,7.31%,97.22%,100.00%,99.30%,97.85%,742,654,657,616,557,459,445,423,409,498,465,426,414,395,1080,0.37,UNDERUTILIZED,Level 2,No,Yes,Yes,Yes,Yes,Yes,Yes,Yes,Yes,No,Yes,Yes,Yes,No,No,No,No,27,41.6,21.6,29.5,34.8,28.3,37.3,42.6,42.7,38.2,39.3,25.4,32.4,https://iirc.niu.edu/School.aspx?source=Trends&source2=Cohorts&schoolID=150162990252152&level=S,42,47,52,47,50,90,17,2,0,3,3,0,67,67,67,50,69,90,8,0,0,3,3,0,58,53,2,17,52,72,63,36,79,28,64,46,66,68
610252,Dett,,,2306 W Maypole Av,NEAR WEST SIDE,41.88401623,-87.68472465,"District, non-alternative",Neighborhood Open Area,0,98.5,1,0,0,0,0,0.5,0.00%,0.00%,0.00%,0.00%,15.84%,16.06%,15.45%,12.30%,73.27%,86.35%,98.78%,98.80%,524,518,516,517,439,469,447,383,314,246,253,246,249,202,810,0.25,UNDERUTILIZED,Level 2,No,No,No,No,No,No,No,Yes,Yes,Yes,No,No,No,No,No,No,No,8.8,10.3,9.2,24.6,17.2,26.9,24.3,34.3,27.6,25.2,25.3,19.5,32.2,https://iirc.niu.edu/School.aspx?source=Trends&source2=Cohorts&schoolID=150162990252154&level=S,31,56,59,75,84,84,25,3,3,0,0,0,48,72,65,88,81,87,23,0,0,0,3,0,63,59,6,13,63,64,NDA,66,NDA,73,NDA,64,50,60
609885,Dewey,,,5415 S Union Ave,NEW CITY,41.7956493,-87.642615,"District, non-alternative",Neighborhood Open Area,0,95.8,3,0.9,0,0.3,0,0,1.20%,1.68%,0.58%,0.20%,12.87%,12.32%,11.11%,9.90%,97.31%,98.60%,99.42%,98.60%,480,453,507,506,480,425,435,373,377,431,424,342,357,334,630,0.53,UNDERUTILIZED,Level 3,Yes,Yes,Yes,Yes,Yes,No,No,No,Yes,Yes,No,No,No,No,No,No,No,31.7,32,33.5,30.7,41.6,30.9,35.7,32.8,40.5,39.1,34.1,29.2,35,https://iirc.niu.edu/School.aspx?source=Trends&source2=Cohorts&schoolID=150162990252159&level=S,62,49,46,42,48,68,8,12,7,3,4,0,84,64,43,50,52,63,0,0,7,9,13,0,45,52,10,17,35,46,NDA,NDA,NDA ,NDA,NDA,NDA,42,52
609894,Drake,,,2722 S King Dr,DOUGLAS,41.84379445,-87.61776768,"District, non-alternative",Neighborhood Open Area,1.7,93.4,2.1,0.4,0,1.2,0,1.2,1.65%,1.60%,1.21%,0.90%,22.73%,24.80%,20.24%,16.20%,90.50%,90.00%,91.09%,91.90%,388,373,348,409,308,427,408,371,368,284,234,247,250,242,690,0.35,UNDERUTILIZED,Level 3,Yes,Yes,Yes,Yes,No,No,No,No,No,No,No,No,No,No,No,No,No,29.2,44.4,14.7,33.8,19.6,18.5,14.2,23.6,24.1,23.9,12.5,37.1,36.1,https://iirc.niu.edu/School.aspx?source=Trends&source2=Cohorts&schoolID=150162990252169&level=S,35,54,58,75,69,96,30,9,0,0,0,0,53,63,58,50,77,89,28,14,3,4,12,0,34,62,17,15,46,43,43,60,16,35,20,33,57,58
610266,Dumas,,,6650 S Ellis Ave,WOODLAWN,41.77350389,-87.60105531,"District, non-alternative",Neighborhood Open Area,0,99.1,0,0,0,0.9,0,0,0.00%,0.00%,0.00%,0.00%,10.27%,11.29%,10.13%,9.04%,91.54%,97.11%,100.00%,99.48%,641,584,577,528,519,468,429,390,329,382,387,395,381,331,930,0.36,UNDERUTILIZED,Level 3,Yes,Yes,Yes,Yes,Yes,Yes,No,Yes,Yes,No,No,No,No,No,No,No,No,41.4,33.8,38.5,31.9,45.7,34.7,34.7,31.2,34.5,32.7,34.5,28.2,35.5,https://iirc.niu.edu/School.aspx?source=Trends&source2=Cohorts&schoolID=150162990252176&level=S,23,31,46,51,50,54,18,21,3,0,0,0,44,36,33,56,49,43,10,7,0,2,8,0,30,31,23,13,49,59,NDA,49,NDA,51,NDA,27,25,41
610320,Duprey,,,2620 W Hirsch St,WEST TOWN,41.90672216,-87.69300325,"District, non-alternative",Neighborhood Open Area,0,29.3,67.4,0,0,0,0,3.3,6.52%,10.53%,13.95%,22.15%,15.22%,10.53%,12.79%,11.39%,98.91%,98.25%,96.51%,96.84%,495,401,380,370,364,322,322,,231,314,158,86,114,92,330,0.28,UNDERUTILIZED,Level 2,No,Yes,Yes,Yes,No,No,No,Yes,Yes,No,No,Yes,Yes,Yes,Yes,Yes,Yes,36.7,28.2,50.7,39.8,40.4,29.7,41.9,37.1,42.2,26.9,41.2,60.3,16.7,https://iirc.niu.edu/School.aspx?source=Trends&source2=Cohorts&schoolID=150162990252869&level=S,31,42,39,57,75,94,31,4,3,4,0,0,31,57,50,44,81,81,23,0,0,4,6,0,30,75,15,6,14,38,NDA,33,NDA,50,NDA,41,12,28
609897,Earle,,,6121 S Hermitage Ave,WEST ENGLEWOOD,41.78230211,-87.66777712,"District, non-alternative",Neighborhood Open Area,0,97.2,2.8,0,0,0,0,0,0.28%,0.00%,0.00%,0.00%,10.34%,11.52%,10.46%,9.02%,87.43%,94.85%,97.39%,98.94%,760,756,732,703,658,531,565,487,433,394,377,306,330,358,840,0.43,UNDERUTILIZED,Level 3,Yes,Yes,Yes,Yes,Yes,Yes,Yes,Yes,Yes,Yes,No,No,No,No,No,No,No,33.2,36.6,46.1,44.2,58.7,46.4,50.8,47.2,55.6,51.5,37.6,36.6,39.6,https://iirc.niu.edu/School.aspx?source=Trends&source2=Cohorts&schoolID=150162990252180&level=S,46,48,33,55,72,84,21,4,0,0,0,0,60,68,49,60,72,79,19,2,2,3,0,0,50,83,6,10,71,62,NDA,35,NDA,27,NDA,21,62,47
609906,Emmet,,,5500 W Madison St,AUSTIN,41.88037642,-87.76327497,"District, non-alternative",Neighborhood Open Area,0,99.1,0.2,0.2,0,0.2,0.2,0,0.00%,0.00%,0.00%,0.00%,6.55%,6.97%,8.08%,7.20%,96.07%,99.78%,99.80%,97.70%,736,756,683,699,733,688,611,568,544,538,526,495,459,458,690,0.66,UNDERUTILIZED,Level 3,Yes,No,Yes,Yes,Yes,No,No,Yes,Yes,No,No,No,No,No,No,No,No,32.7,30,27.6,31.9,37.5,37.4,35.1,31.9,48.7,47.6,47.2,26.5,38.9,https://iirc.niu.edu/School.aspx?source=Trends&source2=Cohorts&schoolID=150162990252189&level=S,25,35,32,62,60,83,17,5,2,2,2,0,46,41,4,68,60,70,32,2,0,0,16,0,25,71,14,16,71,89,NDA,NDA,NDA,NDA,NDA,NDA,64,85
609907,Ericson,,,3600 W 5th Ave,EAST GARFIELD PARK,41.87576191,-87.71584573,"District, non-alternative",Lottery/App,0.2,97.8,0.8,0,0,1.2,0,0,0.00%,0.19%,0.20%,0.20%,4.90%,5.43%,6.19%,7.80%,96.86%,97.48%,97.01%,97.00%,735,751,761,825,823,749,698,637,605,585,564,501,516,510,780,0.65,UNDERUTILIZED,Level 3,Yes,Yes,Yes,Yes,Yes,No,No,Yes,No,No,No,No,No,No,No,No,No,8.7,3.5,4.7,4.7,7.7,6.3,4,4.9,15.7,8,10,8,16.5,https://iirc.niu.edu/School.aspx?source=Trends&source2=Cohorts&schoolID=150162990252190&level=S,41,50,55,61,66,77,17,5,4,2,0,0,58,53,50,59,74,79,15,2,0,2,6,0,47,64,12,11,52,67,NDA,56,NDA,29,NDA,37,49,57
609916,Fermi,,,1415 E 70th St,SOUTH SHORE,41.76772772,-87.59039017,"District, non-alternative",Neighborhood Open Area,0.4,98.7,0.8,0,0,0,0,0,0.42%,0.00%,0.00%,0.00%,27.43%,26.16%,23.56%,25.31%,99.16%,98.31%,98.22%,100.00%,486,500,472,523,456,376,366,326,255,239,245,225,237,237,450,0.53,UNDERUTILIZED,Level 3,Yes,Yes,Yes,Yes,Yes,Yes,No,Yes,Yes,No,Yes,No,No,No,No,No,No,47.9,52,42.4,46,44.4,41.1,55.2,50.8,53.8,51.6,40.3,50.7,39.5,https://iirc.niu.edu/School.aspx?source=Trends&source2=Cohorts&schoolID=150162990252201&level=S,33,44,53,52,52,69,25,13,0,0,3,0,36,50,53,44,35,56,27,13,0,0,7,0,31,38,13,17,63,56,42,23,47,33,42,31,65,43
609917,Fernwood,,,10041 S Union Ave,WASHINGTON HEIGHTS,41.71119799,-87.6403774,"District, non-alternative",Neighborhood Open Area,0,99.4,0.3,0.3,0,0,0,0,0.00%,0.00%,0.00%,0.00%,10.56%,9.88%,12.42%,12.39%,96.89%,93.90%,98.09%,97.75%,450,454,438,448,413,430,467,436,447,440,355,314,344,322,480,0.67,UNDERUTILIZED,Level 2,Yes,Yes,Yes,No,No,No,No,No,No,No,No,No,No,No,No,No,No,20.4,25.4,23.3,33.7,22.9,26.4,28.3,19.6,33.7,30.7,27.6,19.6,19.7,https://iirc.niu.edu/School.aspx?source=Trends&source2=Cohorts&schoolID=150162990252202&level=S,70,62,61,77,68,76,11,3,3,3,0,0,84,77,76,77,77,73,5,0,3,0,3,0,49,65,5,12,43,99,39,NDA,50,NDA,37,NDA,17,71
609919,Fiske,,,6145 S Ingleside Ave,WOODLAWN,41.78290934,-87.60259685,"District, non-alternative",Neighborhood Open Area,0,98.6,0.5,0.5,0,0,0.5,0,0.00%,0.00%,0.00%,0.00%,14.55%,9.84%,13.03%,11.08%,89.55%,91.73%,96.83%,96.21%,558,558,538,538,480,471,484,428,417,322,343,284,254,220,540,0.41,UNDERUTILIZED,Level 2,Yes,Yes,Yes,Yes,Yes,No,No,No,Yes,Yes,Yes,No,No,No,No,No,Yes,23.6,18,20.2,21.7,30.5,22.6,26.7,15.7,19.4,18.7,25.2,21.3,24.3,https://iirc.niu.edu/School.aspx?source=Trends&source2=Cohorts&schoolID=150162990252204&level=S,48,63,61,75,63,83,13,0,0,0,0,0,65,66,64,60,54,89,10,0,0,3,0,0,37,58,8,4,55,NDA,40,51,35,42,24,51,37,NDA
609928,Fuller AUSL,,,4214 S Saint Lawrence Ave,GRAND BOULEVARD,41.8180061,-87.61182077,Contract (Turnaround),Neighborhood Open Area,0,97,0.4,0.7,0,1.9,0,0,0.00%,0.00%,,,13.70%,9.21%,,,86.67%,92.89%,,,,,,,,,,,,,,,,270,570,0.47,UNDERUTILIZED,Level 3,Yes,Yes,Yes,Yes,Yes,Yes,No,Yes,No,No,No,No,No,No,Yes,Yes,Yes,29.9,29.6,38.1,42.3,30.2,28.3,39.6,26.9,44,25.9,34.5,34,41.5,https://iirc.niu.edu/School.aspx?source=Trends&source2=Cohorts&schoolID=150162990252209&level=S,27,18,18,25,43,47,16,9,3,0,0,3,43,27,35,27,21,26,30,18,0,3,21,0,12,61,29,4,33,36,NDA,NDA,NDA,NDA,NDA,NDA,32,32
400095,Garfield Park Prep Acad,,,3250 W Monroe St,EAST GARFIELD PARK,41.87963,-87.706712,"District, non-alternative",Lottery/App,0,97.4,1.9,0.6,0,0,0,0,0.00%,0.49%,0.46%,0.80%,9.09%,12.25%,10.65%,5.10%,95.45%,99.02%,80.56%,85.60%,,,,,,,,,,,118,216,204,154,390,0.39,UNDERUTILIZED,Level 3,Yes,No,No,,,,,,,,,,,,,,,,,,,,,,,,,8.7,14.9,16.2,Not enough data: https://iirc.niu.edu/School.aspx?source=Trends&source2=Cohorts&schoolID=150162990252956&level=S,,,,,,,,,,,,,,,,,,,,,,,,,,,,,NDA,NDA,NDA,NDA,NDA,NDA,NDA,NDA,NDA,NDA
610128,Garvey,,,10309 S Morgan St,WASHINGTON HEIGHTS,41.7065956,-87.64754034,"District, non-alternative",Neighborhood Open Area,0,97.1,1.9,0.6,0,0,0,0.3,0.00%,0.00%,0.00%,0.00%,7.94%,11.30%,9.46%,8.24%,87.62%,92.37%,95.99%,97.07%,659,653,624,644,639,611,579,520,496,421,376,349,354,315,630,0.5,UNDERUTILIZED,Level 3,Yes,No,No,No,No,No,No,No,No,No,No,No,No,No,No,No,No,28.4,15.7,28.3,17.9,18.2,17.4,18.3,20.9,12.9,15.5,18.7,16.2,26.5,https://iirc.niu.edu/School.aspx?source=Trends&source2=Cohorts&schoolID=150162990252773&level=S,59,68,59,71,73,86,13,4,2,0,2,0,85,86,66,67,76,76,5,0,0,0,7,0,66,85,6,9,48,67,NDA,NDA,NDA,NDA,NDA,NDA,50,64
610348,Goldblatt,,,4257 W Adams St,WEST GARFIELD PARK,41.87778081,-87.73273021,"District, non-alternative",Neighborhood Open Area,0,97.5,2.1,0.4,0,0,0,0,0.00%,0.00%,0.00%,0.00%,9.32%,10.07%,9.52%,10.18%,88.56%,88.81%,100.00%,99.64%,700,671,674,626,555,522,488,371,342,331,275,273,268,236,780,0.3,UNDERUTILIZED,Level 2,Yes,Yes,Yes,Yes,Yes,Yes,No,Yes,No,No,No,No,No,No,No,No,No,20.8,20.1,19.1,27.4,26.7,27,32.4,36.5,24.6,40.5,35.3,26.5,40.2,https://iirc.niu.edu/School.aspx?source=Trends&source2=Cohorts&schoolID=150162990252221&level=S,32,52,57,57,57,62,30,7,0,0,0,0,48,59,48,57,71,52,27,7,0,0,0,0,42,71,8,19,99,70,NDA,NDA,NDA,NDA,NDA,NDA,80,55
609943,Gompers,,,12302 S State St,WEST PULLMAN,41.67058298,-87.62258098,"District, non-alternative",Neighborhood Open Area,0,99.6,0.4,0,0,0,0,0,0.00%,0.00%,0.00%,0.00%,18.70%,16.78%,15.68%,15.71%,94.31%,95.10%,90.94%,99.04%,511,542,527,547,482,490,420,400,374,358,312,287,286,246,450,0.55,UNDERUTILIZED,Level 3,Yes,No,Yes,Yes,Yes,Yes,No,Yes,Yes,No,No,No,No,No,No,No,No,19,14.1,19,26.7,21.3,32.4,19.4,28.1,26.2,26.5,22.3,22.3,21.2,https://iirc.niu.edu/School.aspx?source=Trends&source2=Cohorts&schoolID=150162990252222&level=S,,50,43,73,63,80,,4,1,2,0,0,,62,51,81,81,83,,1,0,0,3,0,35,75,11,12,52,65,57,57,59,53,39,34,48,54
609913,Goodlow Magnet,,,2040 W 62nd St,WEST ENGLEWOOD,41.78125258,-87.67555599,"District, non-alternative",Neighborhood Open Area,0,95.5,2.1,0.8,0,1.6,0,0,0.00%,0.24%,0.00%,0.00%,10.32%,9.13%,12.86%,13.19%,90.48%,92.07%,94.24%,96.18%,719,687,670,589,582,585,566,545,522,533,523,451,416,378,630,0.6,UNDERUTILIZED,Level 3,Yes,Yes,Yes,Yes,Yes,Yes,No,Yes,No,No,Yes,No,No,No,No,No,No,34.7,24.1,27.8,28.7,37.8,39,25,33.4,31.1,23.7,30.6,21.3,21.7,https://iirc.niu.edu/School.aspx?source=Trends&source2=Cohorts&schoolID=150162990252812&level=S,41,60,46,80,80,69,10,4,2,0,0,0,73,62,44,63,63,68,4,0,0,3,8,3,43,68,7,8,56,NDA,35,NDA,28,NDA,38,NDA,52,NDA
609947,Graham,,,4436 S Union Ave,NEW CITY,41.81329195,-87.64338051,"District, non-alternative",Neighborhood Open Area,0.2,26.1,39.8,0.2,0.4,0,0,33.3,12.65%,11.30%,8.70%,7.00%,10.24%,10.04%,11.80%,9.90%,86.14%,85.36%,95.86%,94.40%,907,900,887,834,830,791,691,618,569,537,517,483,478,498,990,0.5,UNDERUTILIZED,Level 3,Yes,No,Yes,No,Yes,Yes,No,Yes,Yes,No,No,No,No,No,No,No,No,16.8,21,25,24,31.4,29.5,26.4,38.9,31.8,18.9,20.9,22.6,27,https://iirc.niu.edu/School.aspx?source=Trends&source2=Cohorts&schoolID=150162990252224&level=S,58,79,59,71,63,71,4,2,0,2,0,0,71,84,66,69,71,69,10,2,0,0,6,4,66,67,4,6,33,50,30,NDA,41,NDA,30,NDA,31,38
610032,"Green, W.",,,1150 W 96th St,WASHINGTON HEIGHTS,41.71931953,-87.65248591,"District, non-alternative",Neighborhood Open Area,0.4,97.7,1.6,0.4,0,0,0,0,0.00%,0.00%,0.00%,0.00%,17.58%,16.54%,18.35%,14.44%,90.23%,94.09%,94.01%,95.19%,340,377,334,310,289,365,318,275,267,266,270,267,254,256,480,0.53,UNDERUTILIZED,Level 2,No,No,Yes,No,No,No,No,Yes,No,No,No,No,No,No,No,No,No,33.8,31.5,40.8,40.1,36,30.5,17.1,24,28.3,24.5,30.2,24.4,20.2,https://iirc.niu.edu/School.aspx?source=Trends&source2=Cohorts&schoolID=150162990252048&level=S,69,66,68,61,79,93,0,0,0,0,0,0,92,75,74,77,97,98,0,3,0,0,0,0,49,71,14,5,53,50,NDA,NDA,NDA,NDA,NDA,NDA,47,38
609955,Gresham,,,8524 S Green St,AUBURN GRESHAM,41.73891334,-87.64506169,"District, non-alternative",Neighborhood Open Area,0,98.8,0.6,0.3,0.3,0,0,0,0.29%,0.28%,0.00%,0.20%,12.02%,11.73%,11.57%,11.70%,92.38%,93.58%,97.69%,98.90%,684,687,735,766,719,700,573,502,443,453,443,389,358,341,900,0.38,UNDERUTILIZED,Level 3,Yes,Yes,Yes,Yes,Yes,No,No,Yes,Yes,No,No,No,No,No,No,No,No,23.1,26.1,32.1,22,34.1,34.3,28.1,28,38.1,29.2,29.3,29.9,40.8,https://iirc.niu.edu/School.aspx?source=Trends&source2=Cohorts&schoolID=150162990252231&level=S,50,33,51,57,46,70,16,2,2,0,0,0,66,52,62,49,63,61,9,2,0,3,6,0,35,63,17,23,11,31,68,68,57,71,49,57,7,21
609986,Henderson,,,5650 S Wolcott Ave,WEST ENGLEWOOD,41.79061716,-87.67192466,"District, non-alternative",Neighborhood Open Area,0,98.9,0.6,0.3,0,0.3,0,0,0.00%,0.00%,0.00%,0.00%,8.71%,6.40%,7.93%,8.75%,98.03%,95.57%,92.54%,97.37%,848,885,903,850,836,725,643,572,573,461,457,429,406,356,720,0.49,UNDERUTILIZED,Level 3,Yes,Yes,Yes,Yes,Yes,Yes,No,Yes,Yes,Yes,No,No,No,No,No,No,Yes,32.2,39.8,28.3,38.8,42.1,39.3,42,44.8,60.5,45,39.7,40.4,44.4,https://iirc.niu.edu/School.aspx?source=Trends&source2=Cohorts&schoolID=150162990252258&level=S,,,,,,,,,,,,,,,,,,,,,,,,,,,,,38,53,NDA,NDA,NDA,NDA,NDA,NDA,32,47
609987,Hendricks Comm Acad,,,4316 S Princeton Ave,FULLER PARK,41.81579314,-87.63370133,"District, non-alternative",Neighborhood Open Area,0,91.3,4.9,1,0,1,0.3,1.4,1.05%,0.33%,0.29%,0.00%,8.71%,7.87%,7.94%,8.50%,96.52%,88.52%,97.65%,98.70%,429,418,381,343,336,387,363,325,295,294,319,340,305,287,570,0.5,UNDERUTILIZED,Level 3,Yes,Yes,Yes,Yes,Yes,Yes,No,Yes,No,No,No,No,No,No,No,No,No,11.3,14.6,7.3,11.7,23.7,23.2,22.2,25.1,24.6,25.2,40.2,26.2,31.1,https://iirc.niu.edu/School.aspx?source=Trends&source2=Cohorts&schoolID=150162990252259&level=S,,,,,,,,,,,,,,,,,,,,,,,,,,,,,78,66,NDA,55,NDA,66,NDA,57,67,62
610240,Henson,,,1326 S Avers Ave,NORTH LAWNDALE,41.86356038,-87.72158636,"District, non-alternative",Neighborhood Open Area,0,99.6,0,0.4,0,0,0,0,0.00%,0.00%,0.00%,0.00%,15.87%,15.13%,11.43%,11.30%,90.87%,91.88%,98.21%,97.70%,445,312,344,270,284,335,276,449,425,391,309,280,271,252,780,0.32,UNDERUTILIZED,Level 3,Yes,Yes,Yes,Yes,Yes,Yes,No,Yes,Yes,No,No,Yes,Yes,Yes,Yes,Yes,Yes,24.9,21.3,34.1,25.1,28.7,30.8,32.5,46.3,44,47,28.9,27.6,47.7,https://iirc.niu.edu/School.aspx?source=Trends&source2=Cohorts&schoolID=150162990252261&level=S,,,,,,,,,,,,,,,,,,,,,,,,,,,,,22,18,NDA,42,NDA,39,NDA,39,34,44
609989,Herbert,,,2131 W Monroe St,NEAR WEST SIDE,41.87984242,-87.68031236,"District, non-alternative",Neighborhood Open Area,0.6,91.8,3.4,2,0,2.3,0,0,1.97%,1.51%,1.06%,0.50%,25.92%,26.95%,24.20%,24.50%,87.04%,87.15%,94.95%,99.70%,515,508,482,447,422,451,419,440,442,431,396,376,397,355,810,0.44,UNDERUTILIZED,Level 3,Yes,No,No,Yes,Yes,Yes,Yes,Yes,No,No,No,Yes,Yes,No,No,No,No,19.5,16.5,9.2,16.5,19.3,17.3,36.1,31.9,29.2,20.5,15.7,20.1,23.1,https://iirc.niu.edu/School.aspx?source=Trends&source2=Cohorts&schoolID=150162990252262&level=S,,,,,,,,,,,,,,,,,,,,,,,,,,,,,72,53,48,52,50,39,46,49,64,59
609991,Herzl AUSL,,,3711 W Douglas Blvd,NORTH LAWNDALE,41.86225473,-87.71825927,Contract (Turnaround),Neighborhood Open Area,0,96.2,2.6,0.6,0,0.2,0,0.4,0.20%,0.39%,,,17.33%,16.41%,,,95.22%,99.22%,,,,,,,,,,,,,,,,502,1320,0.38,UNDERUTILIZED,Level 3,Yes,Yes,Yes,Yes,Yes,Yes,No,Yes,Yes,No,No,No,No,No,No,No,No,28.6,31.2,22.1,23.6,29.3,24.2,30.2,30.9,30.2,20.8,24.6,19,20.7,https://iirc.niu.edu/School.aspx?source=Trends&source2=Cohorts&schoolID=150162990252263&level=S,,,,,,,,,,,,,,,,,,,,,,,,,,,,,65,77,NDA,30,NDA,19,NDA,25,53,47
610299,Hinton,,,644 W 71st St,ENGLEWOOD,41.76536255,-87.6413274,"District, non-alternative",Neighborhood Open Area,0,90,2.5,0,0,6.8,0,0.7,0.00%,0.00%,0.00%,0.00%,6.76%,9.69%,9.52%,8.90%,92.88%,90.00%,99.21%,95.60%,687,692,619,579,672,651,591,558,521,421,384,378,320,281,810,0.35,UNDERUTILIZED,Level 2,Yes,Yes,Yes,Yes,Yes,No,No,Yes,Yes,No,No,No,No,No,No,No,No,47,47,42.1,38.2,47.3,40,40.2,31.7,39.8,33,36.7,30.5,31.4,https://iirc.niu.edu/School.aspx?source=Trends&source2=Cohorts&schoolID=150162990252267&level=S,,,,,,,,,,,,,,,,,,,,,,,,,,,,,29,62,NDA,45,NDA,49,NDA,46,30,67
609997,Holmes,,,955 W Garfield Blvd,ENGLEWOOD,41.79376044,-87.64977785,"District, non-alternative",Neighborhood Open Area,0,98.6,1,0.3,0,0,0,0,0.00%,0.00%,0.00%,0.00%,13.19%,12.91%,8.13%,9.90%,88.89%,92.19%,97.56%,98.30%,751,790,808,858,808,718,616,560,519,462,404,369,333,288,780,0.37,UNDERUTILIZED,Level 3,Yes,Yes,Yes,Yes,Yes,Yes,Yes,Yes,Yes,No,No,No,No,No,No,No,No,39.8,26.8,31.5,35.8,42.5,45.2,31.8,34.2,42.2,36.8,35.6,35.9,42.8,https://iirc.niu.edu/School.aspx?source=Trends&source2=Cohorts&schoolID=150162990252270&level=S,,,,,,,,,,,,,,,,,,,,,,,,,,,,,41,15,NDA,15,NDA,17,NDA,20,23,13
610368,Hughes L.,,,240 W 104th St,ROSELAND,41.70536999,-87.62985093,"District, non-alternative",Neighborhood Open Area,0,97.6,1.7,0.2,0,0,0,0.5,0.00%,0.00%,0.00%,0.00%,25.66%,24.88%,27.05%,21.10%,83.93%,86.02%,98.57%,95.10%,508,494,512,499,465,451,417,427,315,255,507,488,422,417,870,0.48,UNDERUTILIZED,Level 3,Yes,Yes,Yes,Yes,Yes,Yes,Yes,Yes,No,No,No,No,No,No,No,No,No,25.9,27.4,30.1,26.4,31.9,32.6,33.5,43.8,28.3,23.7,45.3,19.2,28.3,https://iirc.niu.edu/School.aspx?source=Trends&source2=Cohorts&schoolID=150162990252620&level=S,,,,,,,,,,,,,,,,,,,,,,,,,,,,,30,40,62,64,48,52,54,49,16,45
610005,"Hughes, C.E.",,,4247 W 15th St,NORTH LAWNDALE,41.86049033,-87.73177486,"District, non-alternative",Neighborhood Open Area,0.3,98.3,0.7,0.3,0,0,0.3,0,0.00%,0.00%,0.00%,0.00%,9.09%,10.41%,10.86%,7.20%,97.55%,99.37%,92.43%,98.00%,565,542,545,532,471,411,409,403,392,386,348,304,317,286,510,0.56,UNDERUTILIZED,Level 2,Yes,Yes,Yes,Yes,Yes,Yes,No,No,No,No,No,No,No,No,No,No,No,31.1,30.6,27,28.4,36.6,40.3,35.9,38.5,39.8,30.5,45.1,35.5,30.4,https://iirc.niu.edu/School.aspx?source=Trends&source2=Cohorts&schoolID=150162990252276&level=S,,,,,,,,,,,,,,,,,,,,,,,,,,,,,72,36,NDA,NDA,NDA,NDA,NDA,NDA,82,44
610369,Jackson M.,,,917 W 88th St,AUBURN GRESHAM,41.73409818,-87.64675679,"District, non-alternative",Neighborhood Open Area,0,98.7,1,0.3,0,0,0,0,0.00%,0.00%,0.00%,0.00%,18.21%,22.36%,23.20%,24.40%,73.84%,91.61%,96.08%,92.10%,501,503,477,430,384,359,392,368,368,321,316,306,322,302,750,0.4,UNDERUTILIZED,Level 3,Yes,Yes,Yes,Yes,Yes,Yes,Yes,Yes,Yes,Yes,No,No,No,No,No,No,No,25,30.7,25.8,36.7,30.5,37,36.6,43.2,45,32.7,31.4,26.9,29.6,https://iirc.niu.edu/School.aspx?source=Trends&source2=Cohorts&schoolID=150162990252046&level=S,,,,,,,,,,,,,,,,,,,,,,,,,,,,,66,52,NDA,31,NDA,22,NDA,32,54,47
610012,Jenner,,,1119 N Cleveland Ave,NEAR NORTH SIDE,41.90205805,-87.64101894,"District, non-alternative",Neighborhood Open Area,0.3,98.4,1.3,0,0,0,0,0,0.00%,0.00%,0.00%,0.00%,18.30%,20.45%,18.62%,17.40%,90.85%,92.01%,97.61%,98.80%,527,557,577,561,479,596,496,452,423,429,482,376,313,317,690,0.46,UNDERUTILIZED,Level 3,Yes,Yes,Yes,Yes,Yes,Yes,No,Yes,No,No,No,Yes,Yes,No,No,Yes,No,30.2,18.4,15.8,20,21.4,28.7,24.6,15.4,15.4,14.5,14.8,16.9,18.3,https://iirc.niu.edu/School.aspx?source=Trends&source2=Cohorts&schoolID=150162990252287&level=S,,,,,,,,,,,,,,,,,,,,,,,,,,,,,41,52,20,54,26,41,29,42,62,52
610015,Jungman,,,1746 S Miller St,LOWER WEST SIDE,41.85810053,-87.65233933,"District, non-alternative",Neighborhood Open Area,0,2.2,96.3,0,1.5,0,0,0,41.76%,47.89%,45.00%,38.10%,12.82%,13.38%,14.67%,13.30%,56.04%,94.01%,96.67%,96.60%,435,460,436,421,425,446,459,423,328,327,323,300,284,273,480,0.57,UNDERUTILIZED,Level 2,No,Yes,Yes,Yes,Yes,Yes,No,Yes,No,No,No,No,No,No,No,Yes,Yes,36.3,39.4,31.1,29.6,25.3,29.7,31.7,22,20.5,20.2,14.7,12.7,11.9,https://iirc.niu.edu/School.aspx?source=Trends&source2=Cohorts&schoolID=150162990252292&level=S,,,,,,,,,,,,,,,,,,,,,,,,,,,,,53,56,20,NDA,43,NDA,34,NDA,56,45
610020,Key,,,517 N Parkside Ave,AUSTIN,41.88983589,-87.76633519,"District, non-alternative",Neighborhood Open Area,0,95.4,2.9,0.3,1,0,0,0.3,0.00%,0.00%,0.00%,0.00%,15.69%,15.15%,12.58%,10.70%,95.75%,97.31%,99.69%,98.60%,670,645,589,564,510,461,496,453,450,389,363,318,297,306,540,0.57,UNDERUTILIZED,Level 2,No,Yes,Yes,Yes,Yes,Yes,Yes,Yes,Yes,No,Yes,No,No,No,No,No,No,20.9,23.5,28.7,33.8,36.1,21.9,32.1,30.2,39.3,27.6,29.2,27.2,27.8,https://iirc.niu.edu/School.aspx?source=Trends&source2=Cohorts&schoolID=150162990252295&level=S,,,,,,,,,,,,,,,,,,,,,,,,,,,,,64,44,NDA,60,NDA,59,NDA,43,49,51
610023,King,,,740 S Campbell Ave,NEAR WEST SIDE,41.87186209,-87.68875632,"District, non-alternative",Neighborhood Open Area,0.4,77.1,18,0,0,4.2,0,0.4,11.97%,11.03%,12.54%,10.60%,13.03%,13.69%,14.92%,15.70%,92.61%,96.58%,94.92%,98.40%,414,375,399,377,395,362,336,348,336,316,312,295,263,284,660,0.43,UNDERUTILIZED,Level 3,Yes,Yes,Yes,Yes,Yes,Yes,No,Yes,Yes,No,No,No,No,No,No,No,No,37.5,30.1,38.1,25.5,32,21.5,24.8,30.7,32.9,30.9,37.1,18.1,33,https://iirc.niu.edu/School.aspx?source=Trends&source2=Cohorts&schoolID=150162990252297&level=S,,,,,,,,,,,,,,,,,,,,,,,,,,,,,47,45,NDA,45,NDA,42,NDA,41,44,46
610028,Kohn,,,10414 S State St,ROSELAND,41.70485072,-87.62360199,"District, non-alternative",Neighborhood Open Area,0,99.2,0.3,0.5,0,0,0,0,0.00%,0.00%,0.00%,0.00%,9.49%,9.60%,10.94%,9.70%,92.82%,89.93%,93.08%,95.90%,779,834,758,938,822,849,807,640,579,532,484,448,427,390,1050,0.37,UNDERUTILIZED,Level 3,Yes,Yes,Yes,Yes,Yes,Yes,No,Yes,Yes,No,No,No,No,No,Yes,Yes,Yes,45.1,40.8,52.5,46.5,40.2,44.4,44.3,32.6,49.8,40.3,27.9,31.9,51.2,https://iirc.niu.edu/School.aspx?source=Trends&source2=Cohorts&schoolID=150162990252301&level=S,,,,,,,,,,,,,,,,,,,,,,,,,,,,,13,NDA,21,NDA,19,NDA,22,NDA,22,NDA
610030,Kozminski Com Acad,,,936 E 54th St,HYDE PARK,41.7980295,-87.60246287,"District, non-alternative",Neighborhood Open Area,0,97,1.6,0.5,0,0,0,0.8,0.27%,0.00%,0.00%,0.00%,11.08%,12.90%,11.41%,9.90%,87.30%,91.56%,88.81%,93.10%,495,484,547,540,517,441,517,459,451,452,467,447,403,370,780,0.47,UNDERUTILIZED,Level 3,Yes,Yes,Yes,Yes,No,No,No,No,No,No,No,No,No,No,No,No,No,17.3,20.9,12.4,17.2,21.3,15.9,19.7,12.3,18,16.9,19.2,21.6,14.9,https://iirc.niu.edu/School.aspx?source=Trends&source2=Cohorts&schoolID=150162990252304&level=S,,,,,,,,,,,,,,,,,,,,,,,,,,,,,40,55,NDA,NDA,NDA,NDA,NDA,NDA,35,54
610031,LaFayette,,,2714 W Augusta Blvd,WEST TOWN,41.89940402,-87.69494543,"District, non-alternative",Neighborhood Open Area,0.4,34,61.1,1.7,0.4,0,0,2.3,23.83%,23.57%,26.36%,19.80%,28.09%,28.03%,21.73%,18.61%,87.45%,86.84%,96.78%,97.43%,930,851,792,684,746,721,668,655,621,627,505,497,471,470,1320,0.36,UNDERUTILIZED,Level 3,Yes,Yes,Yes,Yes,Yes,No,No,Yes,Yes,No,No,No,No,No,No,Yes,Yes,29.1,30.5,27.1,23.2,26.3,33.6,21.7,22,27.7,20.9,29.8,17.5,24.1,https://iirc.niu.edu/School.aspx?source=Trends&source2=Cohorts&schoolID=150162990252305&level=S,,,,,,,,,,,,,,,,,,,,,,,,,,,,,38,19,80,52,72,39,47,32,43,51
609869,Langford,,,6010 S Throop St,WEST ENGLEWOOD,41.784703,-87.657046,"District, non-alternative",Neighborhood Open Area,0,98.8,0.9,0,0,0,0.3,0,0.00%,0.00%,0.00%,0.00%,9.85%,11.50%,12.28%,11.33%,92.31%,99.71%,99.70%,98.87%,,,,,,,,,,346,353,334,339,325,540,0.6,UNDERUTILIZED,Level 2,Yes,Yes,Yes,Yes,Yes,Yes,Yes,Yes,Yes,Yes,Yes,Yes,Yes,No,No,No,No,49.8,47.1,34.6,50.3,40.8,43.1,34.5,46.9,52.8,23.7,34.8,41.7,32,https://iirc.niu.edu/School.aspx?source=Trends&source2=Cohorts&schoolID=150162990252704&level=S,,,,,,,,,,,,,,,,,,,,,,,,,,,,,32,53,49,34,50,30,31,35,54,54
610034,Lawndale Com Acad,,,3500 W Douglas Blvd,NORTH LAWNDALE,41.86298683,-87.71300615,"District, non-alternative",Neighborhood Open Area,0,98.7,1,0.2,0,0,0,0,0.00%,0.00%,0.00%,0.00%,11.09%,8.48%,8.76%,8.70%,92.26%,96.25%,99.82%,99.70%,773,730,738,664,655,654,591,509,533,568,589,548,507,478,870,0.55,UNDERUTILIZED,Level 3,Yes,Yes,Yes,Yes,Yes,Yes,No,Yes,Yes,Yes,No,No,No,No,No,No,No,19.6,25.8,28.4,23.2,25.3,21.6,21.8,22,23.1,22.1,35.8,22,20.5,https://iirc.niu.edu/School.aspx?source=Trends&source2=Cohorts&schoolID=150162990252309&level=S,,,,,,,,,,,,,,,,,,,,,,,,,,,,,NDA,44,NDA,23,NDA,26,NDA,31,NDA,44
610045,Lawrence,,,9928 S Crandon Ave,SOUTH DEERING,41.71440176,-87.56716721,"District, non-alternative",Neighborhood Open Area,0,97.7,1.3,0.8,0,0.3,0,0,1.01%,1.60%,1.49%,0.20%,11.56%,9.84%,9.68%,8.50%,96.48%,97.61%,93.80%,95.00%,689,611,635,685,648,624,622,650,573,456,436,403,376,398,840,0.47,UNDERUTILIZED,Level 3,Yes,Yes,Yes,Yes,Yes,Yes,No,Yes,Yes,No,Yes,No,No,No,No,No,No,23.7,25.3,28.1,36.2,31.5,30.7,40.1,26.7,66.1,30.6,28.7,32.3,40.2,https://iirc.niu.edu/School.aspx?source=Trends&source2=Cohorts&schoolID=150162990252322&level=S,,,,,,,,,,,,,,,,,,,,,,,,,,,,,51,60,35,56,30,53,29,31,40,53
610036,Lewis,,,1431 N Leamington Ave,AUSTIN,41.90682528,-87.75451319,"District, non-alternative",Neighborhood Open Area,0,81.9,16.2,0.5,0,0.2,0,1.2,7.73%,8.04%,6.36%,6.10%,10.19%,10.00%,8.59%,9.90%,98.07%,99.29%,98.25%,96.70%,1119,1079,1108,1054,1058,1059,1066,1037,919,813,674,629,560,569,1050,0.54,UNDERUTILIZED,Level 3,Yes,Yes,Yes,Yes,Yes,Yes,Yes,Yes,Yes,No,No,No,No,No,No,Yes,Yes,32.4,20.7,20.8,16.1,23.1,25.5,24.9,35.1,31.4,29.2,25.9,33.7,28.8,https://iirc.niu.edu/School.aspx?source=Trends&source2=Cohorts&schoolID=150162990252311&level=S,,,,,,,,,,,,,,,,,,,,,,,,,,,,,64,37,30,32,48,49,42,43,36,44
610037,Libby,,,5300 S Loomis Blvd,NEW CITY,41.79764784,-87.65996858,"District, non-alternative",Neighborhood Open Area,0,86.2,12.5,1.1,0,0,0,0.2,8.46%,6.88%,4.47%,4.00%,12.87%,13.20%,11.55%,10.30%,97.98%,99.07%,98.70%,98.80%,843,902,855,877,815,741,720,702,670,569,582,537,538,544,1080,0.5,UNDERUTILIZED,Level 3,Yes,Yes,Yes,Yes,Yes,Yes,No,Yes,Yes,No,Yes,No,Yes,Yes,Yes,Yes,Yes,51.7,45.8,46.7,50.5,41.4,51,43,35.1,46,42.1,35.4,41.7,39.6,https://iirc.niu.edu/School.aspx?source=Trends&source2=Cohorts&schoolID=150162990252313&level=S,,,,,,,,,,,,,,,,,,,,,,,,,,,,,60,55,NDA,NDA,NDA,NDA,NDA,NDA,60,59
610029,Lozano Bilingual/Middle,,,1501 N Greenview Ave,WEST TOWN,41.90891372,-87.66505758,"District, non-alternative",Mixed Selective/Neighborhood,0,5.5,90.4,0,0.3,0,0,3.9,43.73%,45.89%,51.64%,28.88%,14.79%,16.14%,16.42%,13.37%,94.86%,94.30%,88.36%,96.79%,718,644,610,615,582,541,484,452,417,411,374,335,316,311,480,0.65,UNDERUTILIZED,Level 3,Yes,No,Yes,Yes,Yes,No,No,No,No,No,No,No,No,No,No,No,No,40,22.2,29.1,28.3,19.2,22.2,18.5,19.8,18.3,8.9,17.3,12.6,17.9,https://iirc.niu.edu/School.aspx?source=Trends&source2=Cohorts&schoolID=150162990252303&level=S,,,,,,,,,,,,,,,,,,,,,,,,,,,,,37,69,NDA,48,NDA,44,NDA,53,39,68
610047,Madison,,,7433 S Dorchester Ave,SOUTH SHORE,41.75955224,-87.59067582,"District, non-alternative",Neighborhood Open Area,0,98.2,1.4,0.4,0,0,0,0,0.00%,0.00%,0.00%,0.00%,11.07%,9.87%,8.11%,10.00%,92.86%,93.95%,99.66%,98.57%,653,654,573,589,563,594,529,487,478,437,350,296,314,280,750,0.37,UNDERUTILIZED,Level 3,Yes,Yes,Yes,Yes,Yes,No,No,Yes,Yes,No,No,No,Yes,No,No,No,No,32.3,39.7,32.8,33.8,34.8,50.7,34.6,49.7,35.2,36.5,31.4,31.5,44.8,https://iirc.niu.edu/School.aspx?source=Trends&source2=Cohorts&schoolID=150162990252324&level=S,,,,,,,,,,,,,,,,,,,,,,,,,,,,,28,31,NDA,25,NDA,31,NDA,36,32,34
610048,Manierre,,,1420 N Hudson Ave,NEAR NORTH SIDE,41.90825367,-87.63986347,"District, non-alternative",Neighborhood Open Area,0.3,97.4,1.1,0.3,0,0.9,0,0,0.00%,0.00%,0.44%,0.40%,13.68%,16.28%,17.69%,14.40%,98.58%,98.73%,98.03%,97.50%,815,670,642,639,634,615,563,500,437,507,513,458,393,351,960,0.37,UNDERUTILIZED,Level 3,Yes,Yes,Yes,Yes,Yes,No,No,Yes,Yes,No,No,No,No,No,No,No,No,12.7,22.2,15.7,19,12.1,14.7,17.5,16.3,22,20.8,15.4,19,20,https://iirc.niu.edu/School.aspx?source=Trends&source2=Cohorts&schoolID=150162990252326&level=S,,,,,,,,,,,,,,,,,,,,,,,,,,,,,40,28,NDA,NDA,NDA,NDA,NDA,NDA,49,28
610241,Marconi Comm Acad,,,230 N Kolmar Ave,WEST GARFIELD PARK,41.88431659,-87.73936153,"District, non-alternative",Neighborhood Open Area,0,100,0,0,0,0,0,0,0.00%,0.00%,0.86%,0.00%,9.87%,10.20%,11.16%,9.56%,98.28%,96.33%,93.56%,97.61%,540,530,510,515,458,416,346,365,323,279,251,233,245,233,570,0.41,UNDERUTILIZED,Level 3,Yes,Yes,Yes,Yes,Yes,Yes,No,Yes,Yes,No,No,No,No,No,No,No,No,19,20.8,27.3,20.2,24.4,33,31.8,23,36.3,37,29.6,24.5,26.1,https://iirc.niu.edu/School.aspx?source=Trends&source2=Cohorts&schoolID=150162990252329&level=S,,,,,,,,,,,,,,,,,,,,,,,,,,,,,76,64,NDA,59,NDA,62,NDA,31,65,45
610056,Mason,,,4217 W 18th St,NORTH LAWNDALE,41.85685194,-87.73049117,"District, non-alternative",Neighborhood Open Area,0,99.4,0.4,0.2,0,0,0,0,0.21%,0.21%,0.00%,0.00%,8.87%,8.21%,8.67%,8.50%,92.99%,90.74%,99.23%,99.80%,1490,1332,1199,1189,1064,1059,838,692,592,547,540,519,475,485,1230,0.39,UNDERUTILIZED,Level 3,Yes,Yes,Yes,No,Yes,Yes,No,Yes,Yes,Yes,Yes,Yes,Yes,No,No,No,No,28.5,29.2,30.4,32.8,37.3,37.7,30.7,36.8,16.8,27.6,20.8,24.8,27.8,https://iirc.niu.edu/School.aspx?source=Trends&source2=Cohorts&schoolID=150162990252334&level=S,,,,,,,,,,,,,,,,,,,,,,,,,,,,,58,67,50,67,36,64,47,55,44,68
610058,May Comm Acad,,,512 S Lavergne Ave,AUSTIN,41.87358321,-87.74931216,"District, non-alternative",Neighborhood Open Area,0,99.4,0.2,0.2,0.2,0,0,0,0.00%,0.00%,0.00%,0.00%,10.15%,9.87%,10.58%,9.80%,95.03%,96.71%,98.80%,97.80%,907,884,889,973,901,894,751,722,673,588,500,501,456,463,1020,0.45,UNDERUTILIZED,Level 3,Yes,Yes,Yes,Yes,Yes,Yes,No,Yes,Yes,No,Yes,Yes,Yes,No,No,No,No,29.3,23.6,36.1,38.3,38.8,47.9,45.6,42.2,34,32.7,29,34,40,https://iirc.niu.edu/School.aspx?source=Trends&source2=Cohorts&schoolID=150162990252336&level=S,,,,,,,,,,,,,,,,,,,,,,,,,,,,,56,50,NDA,52,NDA,42,NDA,37,47,58
610061,Mayo,,,249 E 37th St,DOUGLAS,41.82732778,-87.61978251,"District, non-alternative",Neighborhood Open Area,0,92.9,1,0,0,6.1,0,0,0.49%,0.00%,0.00%,0.00%,8.33%,8.77%,7.44%,6.40%,94.61%,94.96%,97.91%,99.60%,497,504,491,472,505,555,530,523,487,478,453,430,456,408,690,0.59,UNDERUTILIZED,Level 3,Yes,No,Yes,Yes,Yes,No,No,No,No,No,No,No,No,No,No,No,No,23.2,16.4,22.6,23,20.5,17.2,17,24.3,18.9,18.7,16.1,20.2,21.2,https://iirc.niu.edu/School.aspx?source=Trends&source2=Cohorts&schoolID=150162990252338&level=S,,,,,,,,,,,,,,,,,,,,,,,,,,,,,65,44,52,NDA,47,NDA,52,NDA,62,37
610290,Mays Acad,,,838 W Marquette Rd,ENGLEWOOD,41.77256081,-87.64612737,"District, non-alternative",Neighborhood Open Area,0,98,1.3,0.3,0,0.3,0,0,0.00%,0.00%,0.65%,0.90%,7.49%,8.64%,11.33%,11.60%,98.37%,98.67%,98.38%,98.80%,266,285,263,376,402,424,429,395,333,352,345,309,301,307,480,0.64,UNDERUTILIZED,Level 3,Yes,No,No,Yes,No,No,No,No,No,No,No,No,No,No,No,No,No,54.6,47.1,57.3,56.1,30.3,29.8,43.2,25.7,32.8,23,27.7,15.6,26.7,https://iirc.niu.edu/School.aspx?source=Trends&source2=Cohorts&schoolID=150162990252802&level=S,,,,,,,,,,,,,,,,,,,,,,,,,,,,,48,55,41,34,37,28,23,31,55,55
610062,McClellan,,,3527 S Wallace St,BRIDGEPORT,41.82998962,-87.64106579,"District, non-alternative",Neighborhood Open Area,3,22,54.5,4.1,1.9,0,0,14.6,19.40%,21.83%,14.60%,16.40%,25.75%,25.35%,22.26%,21.30%,86.94%,87.68%,94.16%,93.70%,370,366,326,322,313,298,279,270,234,227,287,274,284,268,420,0.64,UNDERUTILIZED,Level 3,Yes,Yes,Yes,Yes,No,No,No,No,No,No,No,No,No,No,No,No,No,31.7,27.9,40.3,33.3,24.6,26.4,22.9,29.6,26.5,22.7,22.3,16.7,21.5,https://iirc.niu.edu/School.aspx?source=Trends&source2=Cohorts&schoolID=150162990252339&level=S,,,,,,,,,,,,,,,,,,,,,,,,,,,,,40,20,NDA,NDA,NDA,NDA,NDA,NDA,33,26
610282,McNair Acad,,,849 N Leamington Ave,AUSTIN,41.8978464,-87.74674645,"District, non-alternative",Neighborhood Open Area,0,89.9,8.4,0.5,0.3,0.8,0,0.3,4.30%,2.84%,1.81%,1.10%,20.76%,21.28%,19.15%,17.20%,93.42%,93.62%,96.98%,99.10%,,,,,,,,,581,576,535,496,423,395,690,0.57,UNDERUTILIZED,Level 3,Yes,Yes,Yes,Yes,Yes,Yes,Yes,Yes,Yes,Yes,Yes,Yes,Yes,No,No,Yes,Yes,109.1,125.9,133.1,152.5,37.7,33,29.5,29.6,40.6,30.2,30.2,24.4,24.1,https://iirc.niu.edu/School.aspx?source=Trends&source2=Cohorts&schoolID=150162990252634&level=S,,,,,,,,,,,,,,,,,,,,,,,,,,,,,59,67,32,NDA,20,NDA,25,NDA,56,51
610293,Melody,,,412 S Keeler Ave,WEST GARFIELD PARK,41.87474954,-87.73051772,"District, non-alternative",Neighborhood Open Area,0,97.3,0.7,0.3,0,1.7,0,0,0.00%,0.00%,0.00%,0.00%,12.97%,14.29%,14.03%,13.18%,86.69%,93.65%,91.34%,97.93%,691,594,604,600,556,502,470,437,443,409,387,335,315,293,870,0.34,UNDERUTILIZED,Level 2,Yes,Yes,Yes,Yes,Yes,Yes,No,Yes,No,No,No,No,No,No,No,No,No,34.9,21.5,21.9,26.2,23.4,30.6,25.2,29.2,28.5,27.8,31.1,24.5,30,https://iirc.niu.edu/School.aspx?source=Trends&source2=Cohorts&schoolID=150162990252352&level=S,,,,,,,,,,,,,,,,,,,,,,,,,,,,,77,53,NDA,52,NDA,40,NDA,39,65,70
609902,Metcalfe Comm Acad,,,12339 S Normal Ave,WEST PULLMAN,41.6694559,-87.63426928,"District, non-alternative",Neighborhood Open Area,0,100,0,0,0,0,0,0,0.00%,0.00%,0.00%,0.00%,10.18%,11.55%,10.41%,9.25%,74.56%,98.56%,95.56%,95.81%,1012,989,1004,921,915,898,809,778,700,647,692,586,485,452,840,0.54,UNDERUTILIZED,Level 3,Yes,Yes,No,No,No,No,No,No,No,No,No,No,No,No,No,No,No,31.1,30.6,26.2,27.8,25.5,28.1,38,36.5,33.7,41.7,30.4,26.3,36.2,https://iirc.niu.edu/School.aspx?source=Trends&source2=Cohorts&schoolID=150162990252804&level=S,,,,,,,,,,,,,,,,,,,,,,,,,,,,,NDA,36,NDA,29,NDA,56,NDA,24,NDA,28
610276,Mollison,,,4415 S Dr Martin L King Jr Dr,GRAND BOULEVARD,41.81434006,-87.61658079,"District, non-alternative",Neighborhood Open Area,0,98.3,0.8,0.4,0,0.4,0,0,0.42%,0.82%,0.78%,0.00%,10.97%,12.76%,12.02%,9.60%,80.59%,98.77%,96.12%,99.60%,514,540,475,488,444,445,381,309,283,293,228,258,243,237,540,0.44,UNDERUTILIZED,Level 3,Yes,Yes,Yes,Yes,Yes,No,No,Yes,No,No,No,No,No,No,No,No,No,18.1,24.3,19.7,29.7,26.8,24.3,24.5,25.9,26.5,35.9,29.3,21.6,36.9,https://iirc.niu.edu/School.aspx?source=Trends&source2=Cohorts&schoolID=150162990252354&level=S,,,,,,,,,,,,,,,,,,,,,,,,,,,,,38,34,NDA,54,NDA,49,NDA,40,46,37
610075,Montefiore Special,,,1310 S Ashland Ave,NEAR WEST SIDE,41.86471954,-87.66648084,"District, Special Ed.",Spec Ed/Alt,0,74.1,25.9,0,0,0,0,0,7.41%,4.76%,2.70%,5.80%,100.00%,100.00%,100.00%,100.00%,96.30%,100.00%,91.89%,98.10%,127,102,101,101,72,78,105,101,72,62,52,37,21,27,208,0.13,UNDERUTILIZED,Level 3,,,,,,No,No,No,No,No,No,No,No,No,No,No,No,138.6,83.7,111.7,100.6,,,,,,,,0,,Not available: https://iirc.niu.edu/School.aspx?schoolid=150162990253116,,,,,,,,,,,,,,,,,,,,,,,,,,,,,14,5,NDA,NDA,NDA,NDA,NDA,NDA,42,28
610072,Morgan,,,8407 S Kerfoot Ave,AUBURN GRESHAM,41.74124549,-87.64007166,"District, non-alternative",Neighborhood Open Area,0,97,2.1,0,0,0.4,0.4,0,1.69%,2.95%,2.46%,1.70%,20.34%,24.05%,21.72%,23.60%,80.51%,90.72%,92.62%,97.30%,587,602,576,524,502,459,400,374,370,299,301,244,237,236,750,0.31,UNDERUTILIZED,Level 3,Yes,Yes,Yes,Yes,Yes,Yes,Yes,No,Yes,Yes,No,No,No,No,No,No,No,24.1,19.2,27.7,24.7,28.6,29.1,28.3,29.6,32.7,38.6,30.4,23.3,26.8,https://iirc.niu.edu/School.aspx?source=Trends&source2=Cohorts&schoolID=150162990252047&level=S,,,,,,,,,,,,,,,,,,,,,,,,,,,,,55,23,46,35,36,28,37,37,58,25
610085,Near North Spl Ed,,,739 N Ada St,WEST TOWN,41.89551132,-87.66123981,"District, Special Ed.",Spec Ed/Alt,0,67.8,27.8,1.1,0,0,0,3.3,11.11%,10.99%,11.00%,7.87%,100.00%,100.00%,100.00%,100.00%,97.78%,95.60%,98.00%,94.38%,97,105,91,94,96,108,111,98,105,106,89,100,91,90,169,0.53,UNDERUTILIZED,Level 3,,,,,,No,No,No,No,No,No,No,No,No,No,No,No,32.9,25.7,35.6,32,,,,,,,,0,,Not available: https://iirc.niu.edu/School.aspx?schoolId=150162990253157,,,,,,,,,,,,,,,,,,,,,,,,,,,,,23,43,NDA,37,NDA,26,NDA,41,27,50
610193,New Sullivan,,,8331 S Mackinaw,SOUTH CHICAGO,41.744144,-87.543007,"District, non-alternative",Neighborhood Open Area,0,73.3,23.6,1.2,0,0.8,0.2,1,12.67%,12.40%,10.39%,7.50%,15.93%,14.69%,13.80%,11.80%,98.08%,99.24%,89.78%,94.50%,700,521,527,736,794,826,781,763,670,554,544,558,524,521,870,0.6,UNDERUTILIZED,Level 3,Yes,Yes,Yes,Yes,Yes,Yes,No,Yes,No,No,No,No,No,No,No,No,No,42.5,42.1,71.3,47.3,31.4,36,35.9,28.1,39.3,42.2,38.6,31,41.7,https://iirc.niu.edu/School.aspx?source=Trends&source2=Cohorts&schoolID=150162990252474&level=S,,,,,,,,,,,,,,,,,,,,,,,,,,,,,40,59,58,61,33,36,36,39,35,54
610103,O'Keeffe,,,6940 S Merrill Ave,SOUTH SHORE,41.76861557,-87.57284299,"District, non-alternative",Neighborhood Open Area,0,98.1,1,0,0.2,0.7,0,0,0.17%,0.17%,0.46%,0.47%,8.85%,8.36%,8.45%,9.02%,80.90%,92.68%,96.01%,97.82%,853,851,786,775,791,763,758,746,700,675,643,651,574,576,990,0.58,UNDERUTILIZED,Level 3,Yes,Yes,Yes,Yes,Yes,Yes,No,Yes,Yes,No,No,No,No,No,No,No,No,40.3,43.4,39.5,39,35.2,36.5,29.1,32.8,38.9,37.7,31.2,37.4,42.9,https://iirc.niu.edu/School.aspx?source=Trends&source2=Cohorts&schoolID=150162990252382&level=S,,,,,,,,,,,,,,,,,,,,,,,,,,,,,29,36,NDA,NDA,NDA,NDA,NDA,NDA,28,24
610108,O'Toole,,,6550 S Seeley Ave,WEST ENGLEWOOD,41.77418952,-87.67513395,"District, non-alternative",Neighborhood Open Area,0.2,95.6,3.7,0,0,0,0.2,0.2,0.00%,0.00%,0.00%,0.00%,9.45%,9.80%,10.71%,10.01%,93.78%,98.43%,99.64%,99.25%,830,890,883,816,678,618,789,772,727,746,669,560,510,434,990,0.44,UNDERUTILIZED,Level 2,Yes,Yes,Yes,Yes,Yes,Yes,Yes,Yes,No,No,No,No,No,No,No,No,No,32.8,34.4,33.6,40.1,42.3,35.4,44,39.4,40.7,44.2,36.3,32.4,48.9,https://iirc.niu.edu/School.aspx?source=Trends&source2=Cohorts&schoolID=150162990252387&level=S,,,,,,,,,,,,,,,,,,,,,,,,,,,,,40,49,NDA,49,NDA,34,NDA,24,33,43
610277,Overton,,,221 E 49th St,GRAND BOULEVARD,41.80557578,-87.62012252,"District, non-alternative",Neighborhood Open Area,0,91.9,1.2,0,0,6.7,0,0.2,0.23%,0.23%,0.00%,0.00%,8.12%,7.16%,6.38%,4.20%,95.36%,95.61%,92.67%,96.10%,787,613,461,452,494,416,396,378,354,429,433,423,433,431,840,0.51,UNDERUTILIZED,Level 3,Yes,Yes,Yes,Yes,Yes,Yes,No,Yes,Yes,No,No,No,Yes,No,No,Yes,Yes,31.9,40.5,37.8,26.9,33.3,33.6,47.5,37,40.9,26.5,46.6,41.9,34.8,https://iirc.niu.edu/School.aspx?source=Trends&source2=Cohorts&schoolID=150162990252388&level=S,,,,,,,,,,,,,,,,,,,,,,,,,,,,,76,NDA,NDA,NDA,NDA,NDA,NDA,NDA,64,NDA
609932,Owens Comm Acad,,,12450 S State St,WEST PULLMAN,41.66737294,-87.62242272,"District, non-alternative",Neighborhood Open Area,0,98.2,1.8,0,0,0,0,0,0.00%,0.00%,0.00%,0.00%,10.67%,10.53%,8.25%,8.25%,76.83%,93.57%,84.16%,90.98%,552,491,469,474,469,475,472,473,439,418,388,303,342,328,480,0.68,UNDERUTILIZED,Level 3,Yes,No,No,Yes,No,No,No,No,No,No,No,No,No,No,No,No,No,19,20.5,18.6,23,22.8,21.1,23.3,23.2,39.5,12.2,26.4,23.3,29,Not enough data: https://iirc.niu.edu/School.aspx?source=Trends&source2=Cohorts&schoolID=150162990252810&level=S,,,,,,,,,,,,,,,,,,,,,,,,,,,,,NDA,NDA,NDA,NDA,NDA,NDA,NDA,NDA,NDA,NDA
610273,Paderewski,,,2221 S Lawndale Ave,SOUTH LAWNDALE,41.85094816,-87.71726618,"District, non-alternative",Neighborhood Open Area,0,80.2,19.2,0,0,0,0,0.6,5.23%,4.69%,10.45%,7.04%,13.95%,11.72%,12.69%,12.68%,100.00%,100.00%,99.25%,99.30%,412,469,381,273,397,392,357,306,232,182,142,134,128,172,570,0.3,UNDERUTILIZED,Level 3,Yes,Yes,Yes,Yes,Yes,Yes,No,Yes,Yes,Yes,No,Yes,Yes,Yes,Yes,Yes,Yes,53.9,72.4,48.6,42.1,37.1,29.2,38,27.4,50.2,44.7,39.8,35.6,43,https://iirc.niu.edu/School.aspx?source=Trends&source2=Cohorts&schoolID=150162990252390&level=S,,,,,,,,,,,,,,,,,,,,,,,,,,,,,98,73,NDA,NDA,NDA,NDA,NDA,NDA,63,70
610114,Parkman,,,245 W 51st St,FULLER PARK,41.80169919,-87.63297392,"District, non-alternative",Neighborhood Open Area,0,90,8.7,0,1.3,0,0,0,3.90%,7.59%,6.44%,11.10%,17.75%,19.64%,20.79%,16.80%,97.40%,98.21%,99.01%,99.60%,374,381,342,341,286,375,319,275,201,156,226,202,224,231,570,0.41,UNDERUTILIZED,Level 3,Yes,Yes,Yes,Yes,Yes,No,Yes,Yes,Yes,Yes,Yes,No,No,No,No,No,Yes,28.1,16.9,28.3,24.6,47.6,40.5,31.9,48.5,82.4,81.3,44.8,38.6,23.5,https://iirc.niu.edu/School.aspx?source=Trends&source2=Cohorts&schoolID=150162990252393&level=S,,,,,,,,,,,,,,,,,,,,,,,,,,,,,39,28,20,49,28,50,25,45,45,31
610116,Parkside Comm Acad,,,6938 S East End Ave,SOUTH SHORE,41.76856599,-87.58299131,"District, non-alternative",Neighborhood Open Area,0,96.9,1.6,0.3,0.6,0.6,0,0,0.31%,0.29%,0.00%,0.27%,11.01%,10.34%,8.50%,9.43%,93.08%,95.69%,90.03%,93.26%,551,533,578,534,487,426,382,373,321,373,371,341,348,318,570,0.56,UNDERUTILIZED,Level 3,Yes,Yes,Yes,Yes,Yes,Yes,No,Yes,Yes,No,No,No,No,No,No,No,No,40,27.6,46.6,30.8,35.7,41.6,45.7,40.8,43.6,35,37.2,34.6,35.4,https://iirc.niu.edu/School.aspx?source=Trends&source2=Cohorts&schoolID=150162990252395&level=S,,,,,,,,,,,,,,,,,,,,,,,,,,,,,NDA,54,NDA,NDA,NDA,NDA,NDA,NDA,NDA,40
610119,Peabody,,,1444 W Augusta Blvd,WEST TOWN,41.89986912,-87.66419014,"District, non-alternative",Neighborhood Open Area,0,22.2,75.6,0.8,0.4,0.4,0,0.8,37.97%,33.33%,26.17%,26.00%,14.66%,14.58%,14.06%,13.60%,94.74%,92.36%,99.61%,99.20%,478,423,459,438,432,411,313,276,258,264,250,256,288,266,570,0.47,UNDERUTILIZED,Level 3,Yes,No,No,Yes,No,No,No,Yes,Yes,No,No,No,No,No,No,No,No,22.2,19.2,25,23.9,23.1,19.4,18.7,20.6,26.6,19.2,15.2,19.5,20.1,https://iirc.niu.edu/School.aspx?source=Trends&source2=Cohorts&schoolID=150162990252397&level=S,,,,,,,,,,,,,,,,,,,,,,,,,,,,,61,39,57,NDA,55,NDA,58,NDA,50,39
610123,Penn,,,1616 S Avers Ave,NORTH LAWNDALE,41.85836995,-87.72133609,"District, non-alternative",Neighborhood Open Area,0,83,17,0,0,0,0,0,14.05%,15.13%,6.70%,7.20%,31.35%,31.44%,31.34%,30.60%,92.43%,95.98%,85.17%,95.20%,692,668,632,644,614,555,549,420,421,398,376,418,423,370,570,0.65,UNDERUTILIZED,Level 3,Yes,Yes,Yes,Yes,Yes,Yes,No,Yes,Yes,No,Yes,No,No,No,Yes,Yes,Yes,24.5,31.4,27.1,40.3,32.5,28,32.1,30.7,32.5,28.7,26.4,27.3,33.7,No data available: https://iirc.niu.edu/School.aspx?source=Trends&source2=Cohorts&schoolID=150162990252400&level=S,,,,,,,,,,,,,,,,,,,,,,,,,,,,,99,70,NDA,NDA,NDA,NDA,NDA,NDA,99,48
610395,Pershing W. Magnet,,,3200 S Calumet Ave,DOUGLAS,41.83649005,-87.61837372,"District, non-alternative",Neighborhood Open Area,0,94.6,1.7,1.7,0.4,0.8,0,0.8,0.42%,0.74%,0.00%,0.70%,14.17%,13.75%,16.36%,16.30%,73.75%,73.98%,69.14%,72.80%,,,,,,,231,253,270,274,276,269,269,240,900,0.27,UNDERUTILIZED,Level 2,No,No,No,No,No,No,No,,,,,,,,,,,,,,,,,6.2,1.6,4,5.4,6.6,14,12.8,https://iirc.niu.edu/School.aspx?source=Trends&source2=Cohorts&schoolID=150162990252940&level=S,,,,,,,,,,,,,,,,,,,,,,,,,,,,,55,36,76,77,58,69,55,53,34,21
610106,Piccolo Elem AUSL,,,1040 N Keeler Ave,HUMBOLDT PARK,41.9001461,-87.73129753,Contract (Turnaround),Neighborhood Open Area,0,61.4,37.4,0.4,0.2,0,0.2,0.4,15.40%,15.90%,,,10.72%,11.65%,,,83.82%,92.24%,,,,,,,,,,,,,,,,513,1320,0.39,UNDERUTILIZED,Level 3,Yes,Yes,Yes,Yes,Yes,Yes,No,Yes,Yes,No,Yes,Yes,Yes,Yes,Yes,Yes,Yes,27.8,36,30.7,26.9,30.9,32.2,28,28.7,32.9,30,32.1,31.4,38.7,https://iirc.niu.edu/School.aspx?source=Trends&source2=Cohorts&schoolID=150162990252385&level=S,,,,,,,,,,,,,,,,,,,,,,,,,,,,,31,NDA,NDA,NDA,NDA,NDA,NDA,NDA,29,NDA
610013,Pilsen Comm Acad,,,1420 W 17th St,LOWER WEST SIDE,41.85887606,-87.6622254,"District, non-alternative",Neighborhood Open Area,0.4,7.2,88.5,0.8,0.8,1.6,0,0.6,43.21%,39.55%,33.41%,25.60%,25.10%,22.92%,23.11%,22.00%,84.16%,87.87%,93.36%,89.60%,914,904,815,767,664,637,566,486,464,452,441,437,445,486,750,0.65,UNDERUTILIZED,Level 3,Yes,No,No,No,No,No,No,No,No,No,No,No,No,No,No,No,No,19.6,15.2,20,15.5,17.9,22.3,15.8,18.8,26.8,12.7,13.3,9.8,12.9,https://iirc.niu.edu/School.aspx?source=Trends&source2=Cohorts&schoolID=150162990252289&level=S,,,,,,,,,,,,,,,,,,,,,,,,,,,,,55,20,16,29,37,54,40,56,49,31
610134,Pope,,,1852 S Albany Ave,NORTH LAWNDALE,41.85570712,-87.70299144,"District, non-alternative",Neighborhood Open Area,0,89.7,9.8,0,0.5,0,0,0,4.35%,0.50%,2.31%,0.00%,13.04%,11.56%,15.61%,15.30%,88.59%,86.93%,97.69%,99.40%,302,297,280,226,212,201,221,175,164,181,176,173,199,184,540,0.34,UNDERUTILIZED,Level 3,Yes,Yes,Yes,Yes,Yes,Yes,No,Yes,Yes,Yes,No,No,No,Yes,Yes,Yes,Yes,26.4,27.3,35.6,42.2,51.1,63.5,44.6,45,44,38.8,46,53.6,47.3,https://iirc.niu.edu/School.aspx?source=Trends&source2=Cohorts&schoolID=150162990252408&level=S,23,58,39,52,45,76,17,0,0,0,5,0,57,74,52,52,59,72,20,9,0,0,14,0,57,41,9,18,83,78,NDA,45,NDA,47,NDA,51,73,72
610281,Powell,,,7511 S South Shore Dr,SOUTH SHORE,41.76032435,-87.55673627,"District, non-alternative",Neighborhood Open Area,0.2,97.9,1.3,0.4,0,0,0,0.2,2.07%,1.92%,2.62%,2.32%,11.47%,10.19%,10.30%,9.29%,96.43%,97.12%,96.82%,96.79%,680,674,592,584,508,457,526,618,596,548,560,534,520,532,810,0.66,UNDERUTILIZED,Level 2,No,No,No,No,Yes,Yes,No,No,No,No,No,No,No,No,No,No,No,32.8,36.8,39.7,41.9,37.4,30.8,90.7,69.7,45,33.5,34.7,44.4,37.2,https://iirc.niu.edu/School.aspx?source=Trends&source2=Cohorts&schoolID=150162990252785&level=S,41,47,54,79,75,90,14,5,2,0,0,0,62,54,64,79,73,84,10,2,2,0,5,0,39,78,8,2,84,99,63,NDA,76,NDA,68,NDA,74,99
610139,Pullman,,,11311 S Forrestville Ave,PULLMAN,41.68879566,-87.60939383,"District, non-alternative",Neighborhood Open Area,0,74.7,23.3,0.4,0,1.6,0,0,9.73%,14.84%,11.20%,10.70%,11.28%,13.28%,11.58%,8.70%,96.50%,97.66%,97.68%,97.70%,618,634,602,609,583,536,501,417,372,342,298,259,256,257,540,0.48,UNDERUTILIZED,Level 2,No,No,No,No,Yes,Yes,No,No,Yes,Yes,No,No,No,No,No,No,No,49.8,45.9,35.7,51.4,38.3,47.6,35.4,34.5,46.4,41.2,46.4,32.9,43.6,https://iirc.niu.edu/School.aspx?source=Trends&source2=Cohorts&schoolID=150162990252414&level=S,66,51,47,38,50,67,20,0,0,0,4,0,74,67,55,55,71,67,11,0,0,3,0,0,49,74,6,0,75,67,NDA,63,NDA,54,NDA,45,66,53
610143,Reavis,,,834 E 50th St,KENWOOD,41.80420101,-87.6049443,"District, non-alternative",Neighborhood Open Area,0,86.4,0.7,0,0,11.8,1.1,0,0.00%,0.32%,0.00%,0.00%,12.19%,13.55%,11.46%,11.30%,93.55%,91.94%,92.88%,99.20%,679,641,708,632,636,604,467,403,391,391,379,323,310,279,750,0.37,UNDERUTILIZED,Level 3,Yes,Yes,Yes,Yes,Yes,No,No,Yes,Yes,No,No,No,No,No,No,No,No,25.2,26.7,24.1,31,24.3,29.5,26.4,34.4,31.4,24,31.9,22.3,36.4,https://iirc.niu.edu/School.aspx?source=Trends&source2=Cohorts&schoolID=150162990252419&level=S,40,36,41,50,53,67,24,10,0,3,0,0,53,54,44,37,50,39,24,10,5,8,9,3,32,44,29,31,26,12,10,NDA,15,NDA,6,NDA,37,35
610146,Revere,,,1010 E 72nd St,GREATER GRAND CROSSING,41.76422335,-87.60017165,"District, non-alternative",Neighborhood Open Area,0,99.7,0.3,0,0,0,0,0,0.00%,0.00%,0.00%,0.00%,9.79%,7.50%,7.89%,6.90%,92.28%,92.81%,97.46%,97.50%,549,563,571,553,531,564,587,528,548,452,405,355,320,337,750,0.45,UNDERUTILIZED,Level 3,Yes,Yes,Yes,Yes,Yes,Yes,No,Yes,Yes,No,No,Yes,Yes,No,No,No,No,22.5,26.2,32.4,25.2,31.6,27.6,20.6,20.4,30.8,27.9,24.1,23.2,26.1,https://iirc.niu.edu/School.aspx?source=Trends&source2=Cohorts&schoolID=150162990252423&level=S,41,47,45,50,57,84,13,5,0,0,2,0,75,55,71,52,57,58,13,7,2,4,2,0,37,48,22,16,56,52,NDA,NDA,NDA,NDA,NDA,NDA,42,56
610256,Robinson,,,4225 S Lake Park Ave,OAKLAND,41.81735839,-87.59903174,"District, non-alternative",Neighborhood Open Area,0,98.6,1.4,0,0,0,0,0,0.00%,0.00%,0.00%,0.00%,8.63%,9.29%,5.62%,5.40%,75.54%,85.71%,94.94%,91.50%,337,322,332,327,322,317,256,260,207,228,260,178,140,139,360,0.39,UNDERUTILIZED,Level 3,Yes,Yes,Yes,Yes,No,No,No,No,No,No,No,No,No,No,No,No,No,17.3,18.3,18.6,10,17.7,14.9,22.8,27,43.8,38.8,39.8,24.4,40.4,No data available: https://iirc.niu.edu/School.aspx?source=Trends&source2=Cohorts&schoolID=150162990252724&level=S,,,,,,,,,,,,,,,,,,,,,,,,,,,,,NDA,NDA,NDA,NDA,NDA,NDA,NDA,NDA,NDA,NDA
610150,Ross,,,6059 S Wabash Ave,WASHINGTON PARK,41.78383382,-87.62365383,"District, non-alternative",Neighborhood Open Area,0,99.1,0.6,0,0,0,0,0.3,0.29%,0.29%,0.00%,0.00%,10.47%,13.14%,9.25%,9.60%,93.90%,93.71%,98.81%,96.00%,581,500,602,555,571,582,604,502,474,411,375,335,350,344,930,0.37,UNDERUTILIZED,Level 3,Yes,Yes,Yes,Yes,Yes,Yes,Yes,Yes,Yes,Yes,Yes,Yes,Yes,Yes,Yes,Yes,Yes,42.8,36.2,42.9,39.5,53.4,57.1,59.8,41.7,43,39,52.9,44.1,50,https://iirc.niu.edu/School.aspx?source=Trends&source2=Cohorts&schoolID=150162990252427&level=S,31,47,46,53,48,74,15,0,6,0,5,0,33,41,20,60,55,81,28,0,0,3,5,0,38,51,12,22,50,52,NDA,60,NDA,53,NDA,35,51,70
610153,Ryder,,,8716 S Wallace St,AUBURN GRESHAM,41.73536767,-87.63887904,"District, non-alternative",Neighborhood Open Area,0,93.1,0.3,0,0,6.2,0,0.3,0.00%,0.00%,0.00%,0.00%,23.61%,24.17%,22.55%,20.20%,73.11%,89.07%,96.73%,96.60%,599,560,539,518,494,503,456,455,407,369,326,306,302,305,690,0.44,UNDERUTILIZED,Level 3,Yes,Yes,Yes,Yes,Yes,No,No,Yes,No,No,No,No,No,No,No,No,No,25.2,24.6,33.1,26.7,29.4,29.6,22.3,31.4,31,30.8,31.9,22.3,22.6,https://iirc.niu.edu/School.aspx?source=Trends&source2=Cohorts&schoolID=150162990252429&level=S,27,55,52,64,50,69,16,3,9,0,3,0,46,76,55,53,48,75,20,7,6,0,7,0,63,48,4,28,50,NDA,NDA,79,NDA,61,NDA,74,42,NDA
610154,Ryerson,,,646 N Lawndale Ave,HUMBOLDT PARK,41.89321142,-87.71883334,"District, non-alternative",Neighborhood Open Area,0,97.2,2.5,0,0.3,0,0,0,0.50%,0.45%,0.00%,0.20%,12.03%,9.71%,9.50%,8.20%,93.73%,94.58%,99.57%,99.60%,617,603,617,587,550,630,547,516,591,507,515,463,443,399,690,0.58,UNDERUTILIZED,Level 2,No,No,No,Yes,Yes,Yes,No,Yes,No,No,No,No,No,No,No,No,No,29.9,22.5,24.2,29.7,25.8,37.8,33.6,34.8,46.2,33.9,27.2,29.4,41.4,https://iirc.niu.edu/School.aspx?source=Trends&source2=Cohorts&schoolID=150162990252432&level=S,12,49,44,72,73,73,35,11,0,0,3,0,21,51,63,81,97,79,41,11,0,3,0,0,38,93,11,0,43,38,41,49,37,47,31,32,48,40
610169,"Sexton, A.O.",,,6020 S Langley Ave,WOODLAWN,41.78517099,-87.60866927,"District, non-alternative",Neighborhood Open Area,0,98.6,1.1,0.3,0,0,0,0,0.00%,0.00%,0.00%,0.00%,8.64%,9.88%,13.83%,13.78%,77.44%,95.21%,99.73%,98.50%,754,726,711,712,677,612,597,542,470,422,399,376,334,359,870,0.41,UNDERUTILIZED,Level 2,Yes,Yes,Yes,Yes,Yes,Yes,No,Yes,Yes,No,No,No,No,No,No,No,No,39.8,42.7,33.4,35.2,58.3,39.2,34.3,47.5,44,39.6,35.9,31.1,46.2,https://iirc.niu.edu/School.aspx?source=Trends&source2=Cohorts&schoolID=150162990252447&level=S,31,37,50,68,72,86,14,4,0,0,3,0,58,78,73,76,75,69,13,4,0,0,6,0,57,83,15,6,34,NDA,NDA,NDA,NDA,NDA,NDA,NDA,38,NDA
610172,Sherman AUSL,,,1000 W 52nd St,NEW CITY,41.79978772,-87.65025483,Contract (Turnaround),Neighborhood Open Area,0,97.7,1.6,0.2,0,0.5,0,0,0.45%,0.87%,0.22%,0.40%,8.86%,8.03%,8.89%,8.80%,98.64%,99.57%,98.22%,98.30%,,,,,,,,617,493,584,520,450,461,440,690,0.64,UNDERUTILIZED,Level 2,Yes,Yes,Yes,Yes,Yes,Yes,Yes,Yes,Yes,Yes,No,Yes,Yes,Yes,Yes,Yes,Yes,34.8,32.1,41.8,35.8,29.5,33.2,44.2,43.5,52.2,38.1,42,32.8,29.7,https://iirc.niu.edu/School.aspx?source=Trends&source2=Cohorts&schoolID=150162990252453&level=S,17,26,29,43,55,77,32,6,3,3,3,0,35,48,55,70,68,75,28,7,2,2,5,0,15,53,25,20,55,36,NDA,24,NDA,20,NDA,15,46,34
610176,Shoop,,,11140 S Bishop St,MORGAN PARK,41.69093337,-87.65870614,"District, non-alternative",Neighborhood Open Area,0,99.4,0.4,0,0.2,0,0,0,0.00%,0.00%,0.00%,0.00%,9.07%,9.24%,6.85%,9.30%,97.54%,97.46%,95.72%,96.30%,690,728,760,844,926,862,839,877,823,745,680,584,552,529,840,0.63,UNDERUTILIZED,Level 3,Yes,Yes,No,Yes,No,No,No,Yes,No,No,No,No,No,No,No,No,No,25.7,27.1,24.2,25.8,28.9,24.6,27,23.6,29.9,21.4,30.8,28.6,27.5,https://iirc.niu.edu/School.aspx?source=Trends&source2=Cohorts&schoolID=150162990252457&level=S,50,65,67,72,75,83,26,3,0,1,0,0,52,77,74,79,80,87,21,3,2,0,7,0,64,78,14,11,50,52,53,66,42,54,43,39,43,48
610180,Smyth,,,1059 W 13th St,NEAR WEST SIDE,41.86532347,-87.65347031,"District, non-alternative",Neighborhood Open Area,0.6,93,3.6,0.2,0,1.5,0.2,0.8,1.06%,0.42%,0.35%,0.60%,17.97%,19.28%,14.96%,14.00%,95.77%,98.52%,97.39%,98.20%,601,484,534,486,421,540,510,509,528,592,662,575,472,473,1230,0.38,UNDERUTILIZED,Level 3,Yes,Yes,Yes,Yes,Yes,Yes,No,Yes,Yes,Yes,Yes,Yes,Yes,Yes,Yes,Yes,Yes,33.8,35.8,21.4,22.7,31.1,14.9,23.3,25.2,25.5,25.5,17.6,20.3,22.5,https://iirc.niu.edu/School.aspx?source=Trends&source2=Cohorts&schoolID=150162990252460&level=S,27,34,32,52,49,79,23,7,0,2,0,0,48,59,60,62,87,77,17,2,0,2,2,0,34,55,14,9,64,49,NDA,NDA,NDA,NDA,NDA,NDA,54,44
610160,Songhai,,,11725 S Perry Ave,WEST PULLMAN,41.68086831,-87.62505762,"District, non-alternative",Neighborhood Open Area,0,95.9,3.5,0.3,0,0,0,0.3,1.89%,1.14%,0.54%,0.49%,8.20%,10.80%,11.14%,12.78%,86.12%,94.32%,91.30%,98.28%,878,947,888,889,839,801,734,609,513,388,407,368,352,317,720,0.44,UNDERUTILIZED,Level 3,Yes,Yes,Yes,Yes,Yes,No,Yes,Yes,Yes,No,No,No,No,No,No,No,No,43.6,38.3,46.4,59.4,53.4,48.5,38.5,51,52.1,58.4,47.8,47.2,46,https://iirc.niu.edu/School.aspx?source=Trends&source2=Cohorts&schoolID=150162990252439&level=S,47,50,41,45,47,49,12,5,3,2,3,3,61,63,54,48,52,71,11,3,0,0,14,0,32,43,24,34,54,55,NDA,45,NDA,41,NDA,27,47,58
610339,Stagg AUSL,,,7424 S Morgan St,ENGLEWOOD,41.75892669,-87.6492534,Contract (Turnaround),Neighborhood Open Area,0.4,96.3,0.9,0.4,0.2,1.9,0,0,0.00%,0.00%,,,12.71%,11.90%,,,95.33%,92.19%,,,,,,,,,,,,,,,,535,810,0.66,UNDERUTILIZED,Level 3,Yes,Yes,Yes,Yes,Yes,Yes,No,Yes,Yes,No,No,No,No,No,No,No,No,25.2,27.4,32.7,30.2,35,29.4,40,46,36.5,36.9,35,29.2,36.7,https://iirc.niu.edu/School.aspx?source=Trends&source2=Cohorts&schoolID=150162990252464&level=S,47,36,37,40,51,76,6,0,0,2,2,0,57,52,41,43,54,70,11,0,0,0,9,0,34,52,14,19,42,NDA,25,NDA,42,NDA,28,NDA,35,NDA
610187,Stewart,,,4525 N Kenmore Ave,UPTOWN,41.96434608,-87.65605252,"District, non-alternative",Neighborhood Open Area,5.1,48.8,42.6,0.4,0.4,0,0.4,2.3,36.72%,35.48%,34.54%,30.25%,17.19%,19.35%,14.47%,13.62%,92.58%,87.46%,98.03%,98.91%,504,459,400,433,390,393,396,377,360,374,367,304,279,256,630,0.41,UNDERUTILIZED,Level 2,No,Yes,Yes,Yes,No,No,No,Yes,Yes,No,No,No,No,No,No,No,No,56.9,46.4,57.8,49.7,59,51.2,52.1,64.2,61.3,62,56.1,31.3,28.1,https://iirc.niu.edu/School.aspx?source=Trends&source2=Cohorts&schoolID=150162990252466&level=S,52,50,50,57,74,69,14,7,0,0,0,0,69,57,57,54,50,79,7,0,0,4,5,0,53,70,20,15,57,83,NDA,57,NDA,41,NDA,38,46,66
610189,Stockton,,,4420 N Beacon St,UPTOWN,41.9623189,-87.66388983,"District, non-alternative",Neighborhood Open Area,3.6,52.6,31.2,2.1,0.4,1.1,0.6,8.4,17.89%,20.57%,13.68%,13.93%,27.16%,24.95%,23.51%,23.49%,80.63%,81.18%,81.31%,92.52%,640,552,548,499,503,517,523,484,437,515,481,519,457,475,1050,0.45,UNDERUTILIZED,Level 3,Yes,No,Yes,No,No,No,No,No,No,No,No,No,No,No,No,No,No,33.5,31.3,31.3,25.5,31.3,24.2,22.1,21,24.3,17.9,25.9,20.7,32.1,https://iirc.niu.edu/School.aspx?source=Trends&source2=Cohorts&schoolID=150162990252470&level=S,73,85,83,88,83,82,12,0,0,0,0,0,81,85,89,91,86,79,8,0,0,0,0,0,93,86,0,7,68,55,NDA,64,NDA,58,NDA,44,51,47
610065,Till,,,6543 S Champlain Ave,WOODLAWN,41.775888,-87.609477,"District, non-alternative",Neighborhood Open Area,0,98,1.2,0,0,0.8,0,0,0.00%,0.21%,0.21%,0.18%,14.84%,14.65%,17.36%,14.46%,99.39%,99.36%,98.97%,98.93%,,,,,,,,,,635,560,484,471,492,1320,0.37,UNDERUTILIZED,Level 3,Yes,Yes,Yes,Yes,Yes,Yes,No,Yes,Yes,No,No,No,No,No,No,No,No,34.4,32.8,31.1,34.5,33.9,47.2,43.7,36.7,37.9,43.1,27,32.7,48.4,https://iirc.niu.edu/School.aspx?source=Trends&source2=Cohorts&schoolID=150162990252766&level=S,53,50,45,55,44,72,10,4,1,0,2,0,71,63,42,45,46,68,11,5,3,2,10,0,40,31,9,19,40,NDA,49,NDA,42,NDA,29,NDA,47,NDA
610202,Tilton,,,223 N Keeler Ave,WEST GARFIELD PARK,41.88409703,-87.73052949,"District, non-alternative",Neighborhood Open Area,0,99,0.7,0,0,0.3,0,0,0.66%,0.63%,0.00%,0.27%,12.21%,12.54%,13.52%,11.96%,99.34%,94.67%,96.90%,97.01%,604,608,649,622,605,566,568,479,452,414,368,355,319,303,780,0.39,UNDERUTILIZED,Level 2,Yes,Yes,Yes,Yes,Yes,Yes,Yes,Yes,Yes,No,No,No,No,No,Yes,Yes,Yes,38.8,31.6,29.9,30.9,36.4,30.2,50.1,43.6,54.3,43.3,38.1,27.2,32.1,https://iirc.niu.edu/School.aspx?source=Trends&source2=Cohorts&schoolID=150162990252487&level=S,33,38,41,56,43,69,21,8,3,3,0,0,44,60,56,62,60,80,29,3,3,0,9,0,43,57,14,14,41,38,25,32,44,36,25,23,30,40
610205,Trumbull,,,5200 N Ashland Ave,EDGEWATER,41.97621644,-87.6697616,"District, non-alternative",Neighborhood Open Area,12.9,14.7,56.8,1.3,1.5,1.5,0.3,11.1,31.62%,24.42%,19.83%,12.80%,29.82%,27.91%,25.59%,22.50%,85.35%,85.81%,75.69%,87.60%,564,582,560,582,573,533,549,481,469,466,484,469,430,389,720,0.54,UNDERUTILIZED,Level 3,Yes,Yes,No,Yes,No,No,No,No,No,No,No,No,No,No,No,No,No,28.9,23.1,21.5,28.4,21,30.8,24.5,25.3,25.7,18.4,16.1,14,13.7,https://iirc.niu.edu/School.aspx?source=Trends&source2=Cohorts&schoolID=150162990252489&level=S,69,67,64,74,69,79,7,6,0,0,0,0,76,81,78,80,74,81,7,3,0,0,7,0,67,79,3,2,25,40,NDA,5,NDA,2,NDA,31,47,46
610210,Von Humboldt,,,2620 W Hirsch St,WEST TOWN,41.90672216,-87.69300325,"District, non-alternative",Neighborhood Open Area,0,45,49.4,0,0.6,4.1,0.3,0.6,11.33%,10.71%,8.89%,7.56%,9.12%,10.97%,12.15%,12.10%,97.79%,93.11%,90.67%,97.92%,1330,1162,1091,998,933,743,705,608,526,563,529,461,392,362,900,0.4,UNDERUTILIZED,Level 2,Yes,Yes,Yes,Yes,Yes,Yes,No,Yes,Yes,No,No,No,No,No,Yes,Yes,Yes,26.9,27,31.9,29.3,28,29.4,31.8,29.9,35,37.6,19.6,21.8,29.1,No data available: https://iirc.niu.edu/School.aspx?source=Trends&source2=Cohorts&schoolID=150162990252495&level=S,,,,,,,,,,,,,,,,,,,,,,,,,,,,,44,69,NDA,80,NDA,71,NDA,56,31,72
610213,Wadsworth,,,6420 S University Ave,WOODLAWN,41.77812652,-87.59815597,"District, non-alternative",Neighborhood Open Area,0,98.4,0.4,0.8,0.4,0,0,0,0.00%,0.00%,0.00%,0.00%,9.96%,10.47%,7.87%,9.03%,93.23%,96.39%,96.39%,93.40%,534,518,535,569,489,408,338,340,338,354,288,305,277,251,540,0.46,UNDERUTILIZED,Level 3,Yes,Yes,Yes,Yes,Yes,Yes,No,Yes,Yes,No,No,No,No,No,No,No,No,42.9,32.3,33,25.6,29.1,22.5,33.2,31.2,31.2,37.7,24.2,21.1,16.3,Not enough data: https://iirc.niu.edu/School.aspx?source=Trends&source2=Cohorts&schoolID=150162990252498&level=S,,,,,,,,,,,,,,,,,,,,,,,,,,,,,NDA,NDA,NDA,11,NDA,25,NDA,26,NDA,NDA
610133,"Ward, L.",,,410 N Monticello Ave,HUMBOLDT PARK,41.88845002,-87.71752405,"District, non-alternative",Neighborhood Open Area,0,96,2.8,0.3,0,0,0,1,0.75%,0.93%,0.45%,0.00%,9.05%,10.05%,9.30%,8.00%,94.97%,97.20%,95.46%,98.20%,752,732,737,726,620,611,513,462,417,443,451,441,428,398,720,0.55,UNDERUTILIZED,Level 2,No,Yes,No,No,Yes,Yes,No,Yes,Yes,No,No,No,No,No,No,Yes,Yes,35.3,40.3,27.7,29.9,37.9,44,37,39.3,46.9,34.8,43.4,35.8,31.3,https://iirc.niu.edu/School.aspx?source=Trends&source2=Cohorts&schoolID=150162990252767&level=S,33,45,41,83,51,83,28,14,4,2,4,0,48,65,63,94,60,92,33,4,2,0,13,2,54,52,13,24,NDA,99,NDA,NDA,NDA,NDA,NDA,NDA,NDA,99
610218,Warren,,,9239 S Jeffery Ave,CALUMET HEIGHTS,41.72677474,-87.5753162,"District, non-alternative",Neighborhood Open Area,0,95.5,1.9,1.3,0.3,1,0,0,0.32%,0.61%,0.00%,0.00%,7.96%,8.21%,7.08%,7.40%,92.68%,97.57%,96.92%,94.40%,479,450,409,471,516,443,484,429,383,385,340,325,329,314,510,0.62,UNDERUTILIZED,Level 2,No,No,Yes,Yes,Yes,No,No,No,No,No,No,No,No,No,No,No,No,26.6,30.9,25.9,26.5,42.4,26.2,21.9,26,34.9,19.4,24.6,18.9,19.7,https://iirc.niu.edu/School.aspx?source=Trends&source2=Cohorts&schoolID=150162990252502&level=S,37,50,52,61,67,75,26,3,0,0,0,0,43,53,70,71,74,77,17,0,0,0,4,0,43,80,17,5,40,50,NDA,25,NDA,33,55,33,49,38
610221,Webster,,,4055 W Arthington St,WEST GARFIELD PARK,41.86988904,-87.72748159,"District, non-alternative",Neighborhood Open Area,0,86.7,0.6,0,0,12.7,0,0,0.00%,0.00%,0.00%,0.00%,10.95%,10.03%,11.26%,9.91%,95.56%,99.19%,100.00%,98.85%,651,579,528,509,519,520,482,512,538,439,434,373,369,338,540,0.63,UNDERUTILIZED,Level 2,No,No,Yes,Yes,Yes,Yes,No,Yes,No,No,No,No,No,No,No,No,No,17.4,12.6,26.2,24.6,20.3,17.2,17.1,18.3,16.6,14.9,26.3,9.4,14.5,https://iirc.niu.edu/School.aspx?source=Trends&source2=Cohorts&schoolID=150162990252505&level=S,42,37,42,83,59,62,18,9,0,0,0,3,49,54,71,81,75,62,15,5,0,0,3,0,33,72,9,3,66,NDA,46,NDA,44,NDA,56,NDA,81,NDA
610110,Wells Prep,,,244 E Pershing Rd,DOUGLAS,41.82390751,-87.61978794,"District, non-alternative",Neighborhood Open Area,0,78.3,0.5,0.5,0,20.7,0,0,0.00%,0.00%,0.00%,0.00%,5.05%,4.19%,4.88%,7.10%,90.40%,96.28%,94.63%,92.30%,185,175,167,163,154,161,181,149,162,149,168,205,215,198,390,0.51,UNDERUTILIZED,Level 3,Yes,Yes,No,No,No,No,No,Yes,No,No,No,No,No,No,No,No,,5.6,5.3,11.4,18.4,12.2,5,11.2,19.9,10.7,11,11.4,12,31.3,https://iirc.niu.edu/School.aspx?source=Trends&source2=Cohorts&schoolID=150162990252902&level=S,17,20,57,65,67,83,17,7,0,0,0,0,58,53,57,71,79,71,8,0,0,0,0,0,27,79,20,8,93,NDA,NDA,NDA,NDA,NDA,NDA,NDA,64,NDA
610224,West Pullman,,,11941 S Parnell Ave,WEST PULLMAN,41.67666008,-87.63570683,"District, non-alternative",Neighborhood Open Area,0,98.3,1,0,0,0.7,0,0,0.00%,0.00%,0.00%,0.27%,9.97%,7.65%,10.51%,11.08%,94.35%,94.41%,90.63%,95.68%,585,558,590,629,609,639,542,530,422,424,370,352,340,301,690,0.44,UNDERUTILIZED,Level 3,Yes,Yes,Yes,Yes,Yes,Yes,No,Yes,Yes,No,No,No,No,No,No,No,No,38.7,53.8,43.9,54.2,51,56.4,55.6,51.5,54.7,52.4,51.9,34.7,54.5,https://iirc.niu.edu/School.aspx?source=Trends&source2=Cohorts&schoolID=150162990252509&level=S,28,45,38,59,56,88,19,17,0,0,0,0,46,64,45,76,82,92,15,4,3,0,4,0,51,63,13,19,45,66,57,NDA,50,NDA,46,NDA,53,45
610225,Whistler,,,11533 S Ada St,WEST PULLMAN,41.68391137,-87.65534733,"District, non-alternative",Neighborhood Open Area,0,99.1,0.3,0,0.3,0,0,0.3,0.00%,0.27%,0.00%,0.00%,15.12%,17.02%,20.54%,17.55%,92.59%,93.88%,96.82%,96.07%,656,683,632,650,608,557,524,479,530,431,433,409,376,324,660,0.49,UNDERUTILIZED,Level 3,Yes,Yes,Yes,Yes,Yes,Yes,No,Yes,Yes,No,No,No,No,No,No,No,No,19,16.4,15.3,12.9,19.1,21,17.1,32.1,21.9,18.4,20.8,21.3,23.5,https://iirc.niu.edu/School.aspx?source=Trends&source2=Cohorts&schoolID=150162990252512&level=S,48,58,73,69,65,83,11,5,0,0,0,0,76,60,70,71,63,63,11,0,0,0,2,3,75,63,2,7,28,40,20,19,21,28,31,34,41,54
610232,Williams,,,2710 S Dearborn St,DOUGLAS,41.84403809,-87.62859008,"District, non-alternative",Neighborhood Open Area,0,98,1.2,0.4,0,0,0,0.4,0.78%,1.13%,0.00%,0.40%,12.50%,12.41%,13.78%,15.90%,87.11%,87.97%,94.88%,96.00%,868,884,772,,221,275,284,274,270,313,276,254,266,256,390,0.66,UNDERUTILIZED,Level 3,Yes,Yes,Yes,Yes,Yes,No,No,No,No,,No,Yes,No,Yes,Yes,Yes,Yes,27.8,28.9,21,,22.4,17.3,17.3,9.4,30.5,15.1,11,25.8,19.2,Not enough data: https://iirc.niu.edu/School.aspx?source=Trends&source2=Cohorts&schoolID=150162990252928&level=S,,,,,,,,,,,,,,,,,,,,,,,,,,,,,NDA,NDA,NDA,33,NDA,14,NDA,24,NDA,NDA
610336,Williams Middle,,,2710 S Dearborn St,DOUGLAS,41.84403809,-87.62859008,"District, non-alternative",Lottery/App,0,99.2,0.8,0,0,0,0,0,0.00%,0.80%,0.00%,0.00%,24.41%,24.80%,25.44%,22.30%,98.43%,98.40%,96.49%,98.20%,,,,,124,120,108,127,114,117,112,114,125,127,240,0.53,UNDERUTILIZED,Level 3,Yes,Yes,Yes,Yes,Yes,No,No,No,No,,,,,,,,,,,,,16.5,12.6,15.7,14.1,16.9,6.1,11.8,14.8,20.3,Not enough data: https://iirc.niu.edu/School.aspx?source=Trends&source2=Cohorts&schoolID=150162990252932&level=S,,,,,,,,,,,,,,,,,,,,,,,,,,,,,48,67,NDA,NDA,NDA,NDA,NDA,NDA,42,52
610285,Woods Acad,,,6206 S Racine Ave,WEST ENGLEWOOD,41.7811649,-87.65468845,"District, non-alternative",Neighborhood Open Area,0,98.4,0.8,0.3,0,0,0.3,0.3,0.27%,0.00%,0.00%,0.00%,14.29%,12.47%,11.47%,8.87%,96.77%,94.51%,90.14%,95.46%,862,803,796,830,775,699,597,576,546,511,485,436,401,371,810,0.46,UNDERUTILIZED,Level 3,Yes,No,Yes,Yes,Yes,Yes,No,Yes,Yes,No,No,Yes,Yes,No,No,No,No,31.1,33.7,29.9,33.9,42.4,39.9,39.5,37.6,47.3,31.7,24.2,32.9,26,https://iirc.niu.edu/School.aspx?source=Trends&source2=Cohorts&schoolID=150162990252216&level=S,29,39,31,46,74,78,21,7,2,0,4,0,38,34,53,52,76,74,22,5,0,4,2,2,27,74,22,10,31,56,NDA,NDA,NDA,NDA,NDA,NDA,43,62
610345,Woodson South,,,4414 S Evans,GRAND BOULEVARD,41.81447955,-87.60845505,"District, non-alternative",Neighborhood Open Area,0,97.3,2.4,0,0,0.3,0,0,1.35%,1.22%,1.01%,1.80%,17.57%,17.02%,15.83%,17.30%,88.92%,93.31%,99.25%,100.00%,518,404,365,352,471,496,510,459,459,479,388,398,329,370,840,0.44,UNDERUTILIZED,Level 2,Yes,Yes,Yes,Yes,Yes,No,No,No,No,No,No,No,No,No,No,No,No,30.6,26.2,44.2,37.2,44.1,35,26.4,26.5,50.1,25.3,37.6,26.6,29,No data available: https://iirc.niu.edu/School.aspx?source=Trends&source2=Cohorts&schoolID=150162990252521&level=S,,,,,,,,,,,,,,,,,,,,,,,,,,,,,1,45,30,NDA,41,NDA,27,NDA,2,29
610233,Yale,,,7025 S Princeton Ave,GREATER GRAND CROSSING,41.76644232,-87.63209571,"District, non-alternative",Neighborhood Open Area,0,99.5,0,0,0,0,0,0.5,0.00%,0.00%,0.00%,0.00%,22.58%,16.48%,14.81%,14.10%,93.01%,99.45%,99.07%,99.20%,490,487,525,452,432,451,400,299,303,294,248,216,182,186,690,0.27,UNDERUTILIZED,Level 3,Yes,Yes,Yes,Yes,Yes,Yes,Yes,Yes,Yes,Yes,No,No,No,No,No,No,Yes,35.4,49.6,42.7,48.2,38.7,41.1,45.7,43.4,58,48.8,45.8,43.1,44,https://iirc.niu.edu/School.aspx?source=Trends&source2=Cohorts&schoolID=150162990252522&level=S,36,33,24,57,61,79,38,15,0,0,0,0,48,45,47,71,83,64,33,12,6,0,11,0,27,67,18,11,50,34,NDA,NDA,NDA,NDA,35,NDA,43,25